{"info":{"year":"2023","version":"3","description":"Exported from roboflow.ai","contributor":"","url":"https://public.roboflow.ai/object-detection/undefined","date_created":"2023-07-31T01:51:09+00:00"},"licenses":[{"id":1,"url":"https://creativecommons.org/licenses/by/4.0/","name":"CC BY 4.0"}],"categories":[{"id":0,"name":"Words","supercategory":"none"},{"id":1,"name":"CAR","supercategory":"Words"},{"id":2,"name":"Lar","supercategory":"Words"}],"images":[{"id":0,"license":1,"file_name":"X_110_jpeg.rf.020af0519ef0c0898914798ea830729c.jpg","height":640,"width":640,"date_captured":"2023-07-31T01:51:09+00:00"},{"id":1,"license":1,"file_name":"X_106_jpeg.rf.08db4fb5e217bf3fbe8c59ee8a7de3e6.jpg","height":640,"width":640,"date_captured":"2023-07-31T01:51:09+00:00"},{"id":2,"license":1,"file_name":"X_148_jpeg.rf.0ab62eda133ea4c847fd5c0b6ff857f3.jpg","height":640,"width":640,"date_captured":"2023-07-31T01:51:09+00:00"},{"id":3,"license":1,"file_name":"X_127_jpeg.rf.09e5493e28d002d7f679a804ac761bd0.jpg","height":640,"width":640,"date_captured":"2023-07-31T01:51:09+00:00"},{"id":4,"license":1,"file_name":"X_070_jpeg.rf.0be56d75aade38b84b0e2411bc379cd7.jpg","height":640,"width":640,"date_captured":"2023-07-31T01:51:09+00:00"},{"id":5,"license":1,"file_name":"X_121_jpeg.rf.05a8ac613f36bea5d382d45568fd8981.jpg","height":640,"width":640,"date_captured":"2023-07-31T01:51:09+00:00"},{"id":6,"license":1,"file_name":"X_093_jpeg.rf.00a6c372ffb2ebbfe5ebd1dcb4c2854b.jpg","height":640,"width":640,"date_captured":"2023-07-31T01:51:09+00:00"},{"id":7,"license":1,"file_name":"X_133_jpeg.rf.0f07bde9df0ecfa8bc85d2d97518c641.jpg","height":640,"width":640,"date_captured":"2023-07-31T01:51:09+00:00"},{"id":8,"license":1,"file_name":"X_113_jpeg.rf.18d2a2dbceaa13172a31615cd95c0a97.jpg","height":640,"width":640,"date_captured":"2023-07-31T01:51:09+00:00"},{"id":9,"license":1,"file_name":"X_097_jpeg.rf.0eb615821ffc8a1c94f27d8a3763b955.jpg","height":640,"width":640,"date_captured":"2023-07-31T01:51:09+00:00"},{"id":10,"license":1,"file_name":"X_048_jpeg.rf.19e2b7b2b22a659b1ca9fc5503fdaf17.jpg","height":640,"width":640,"date_captured":"2023-07-31T01:51:09+00:00"},{"id":11,"license":1,"file_name":"X_005_jpeg.rf.13fded6937f03972af7654d4dea1a044.jpg","height":640,"width":640,"date_captured":"2023-07-31T01:51:09+00:00"},{"id":12,"license":1,"file_name":"X_002_jpeg.rf.258cd3b56105b92983fee1fd8f04787c.jpg","height":640,"width":640,"date_captured":"2023-07-31T01:51:09+00:00"},{"id":13,"license":1,"file_name":"X_012_jpeg.rf.1882e198fae685ad8a41ba58ee78d0b4.jpg","height":640,"width":640,"date_captured":"2023-07-31T01:51:09+00:00"},{"id":14,"license":1,"file_name":"X_004_jpeg.rf.170ece43357eb52da9e3ff63c5834699.jpg","height":640,"width":640,"date_captured":"2023-07-31T01:51:09+00:00"},{"id":15,"license":1,"file_name":"X_083_jpeg.rf.1ab826fec4b35ccae148aeb28e1714ec.jpg","height":640,"width":640,"date_captured":"2023-07-31T01:51:09+00:00"},{"id":16,"license":1,"file_name":"X_074_jpeg.rf.28fa77c59956181e21b163309be98446.jpg","height":640,"width":640,"date_captured":"2023-07-31T01:51:09+00:00"},{"id":17,"license":1,"file_name":"X_004_jpeg.rf.156440fd84a0b4d25a3f0b7b229d4137.jpg","height":640,"width":640,"date_captured":"2023-07-31T01:51:09+00:00"},{"id":18,"license":1,"file_name":"X_123_jpeg.rf.1c402b1b61843adca46f8e4ffcdacb0f.jpg","height":640,"width":640,"date_captured":"2023-07-31T01:51:09+00:00"},{"id":19,"license":1,"file_name":"X_158_jpeg.rf.1961b438c965c9448159767e4d24e64d.jpg","height":640,"width":640,"date_captured":"2023-07-31T01:51:09+00:00"},{"id":20,"license":1,"file_name":"X_003_jpeg.rf.0591bd234ef6f9786ee77b8edc39e790.jpg","height":640,"width":640,"date_captured":"2023-07-31T01:51:09+00:00"},{"id":21,"license":1,"file_name":"X_111_jpeg.rf.1a821619d46974d8a18292a26e1447ac.jpg","height":640,"width":640,"date_captured":"2023-07-31T01:51:09+00:00"},{"id":22,"license":1,"file_name":"X_053_jpeg.rf.32db484fc30cd9764cd4cd349dba0aaf.jpg","height":640,"width":640,"date_captured":"2023-07-31T01:51:09+00:00"},{"id":23,"license":1,"file_name":"X_120_jpeg.rf.271f6afc3961e0fcc805f5c670a37b80.jpg","height":640,"width":640,"date_captured":"2023-07-31T01:51:09+00:00"},{"id":24,"license":1,"file_name":"X_125_jpeg.rf.1cbd5783a138cd6238143266d82ab685.jpg","height":640,"width":640,"date_captured":"2023-07-31T01:51:09+00:00"},{"id":25,"license":1,"file_name":"X_006_jpeg.rf.3531dfd458f35fca37ece662837c3c04.jpg","height":640,"width":640,"date_captured":"2023-07-31T01:51:09+00:00"},{"id":26,"license":1,"file_name":"X_154_jpeg.rf.20bf6411fdc6f3170af7deebfa8ac45c.jpg","height":640,"width":640,"date_captured":"2023-07-31T01:51:09+00:00"},{"id":27,"license":1,"file_name":"X_118_jpeg.rf.2eab971c0d4923d5ff9687a7047eee23.jpg","height":640,"width":640,"date_captured":"2023-07-31T01:51:09+00:00"},{"id":28,"license":1,"file_name":"X_138_jpeg.rf.14e6b30a77d91645a541f2b1c7b4121e.jpg","height":640,"width":640,"date_captured":"2023-07-31T01:51:09+00:00"},{"id":29,"license":1,"file_name":"X_131_jpeg.rf.369e01cf068f750ffa8373528930b080.jpg","height":640,"width":640,"date_captured":"2023-07-31T01:51:09+00:00"},{"id":30,"license":1,"file_name":"X_045_jpeg.rf.3620b717e1c3daec55b6c7510f5e8d06.jpg","height":640,"width":640,"date_captured":"2023-07-31T01:51:09+00:00"},{"id":31,"license":1,"file_name":"X_071_jpeg.rf.299dfa80ad0d15c3fc37acdf9f04df9d.jpg","height":640,"width":640,"date_captured":"2023-07-31T01:51:09+00:00"},{"id":32,"license":1,"file_name":"X_071_jpeg.rf.37d21c3c00cd3c34fb60445fc239f18a.jpg","height":640,"width":640,"date_captured":"2023-07-31T01:51:09+00:00"},{"id":33,"license":1,"file_name":"X_159_jpeg.rf.377875205c74bacd1695b5b24773dacc.jpg","height":640,"width":640,"date_captured":"2023-07-31T01:51:09+00:00"},{"id":34,"license":1,"file_name":"X_049_jpeg.rf.22e83486b03d458f38a4ec39d1a3c915.jpg","height":640,"width":640,"date_captured":"2023-07-31T01:51:09+00:00"},{"id":35,"license":1,"file_name":"X_153_jpeg.rf.3b15c0faab5c4d451f5d6c467a18aff1.jpg","height":640,"width":640,"date_captured":"2023-07-31T01:51:09+00:00"},{"id":36,"license":1,"file_name":"X_148_jpeg.rf.385aa4cc13d704c6fe7454986e68ecef.jpg","height":640,"width":640,"date_captured":"2023-07-31T01:51:09+00:00"},{"id":37,"license":1,"file_name":"X_065_jpeg.rf.42e5fe7183c20b9f8d09fe12462461a6.jpg","height":640,"width":640,"date_captured":"2023-07-31T01:51:09+00:00"},{"id":38,"license":1,"file_name":"X_101_jpeg.rf.477dc50cb803b2ab2319ffcd25ce1676.jpg","height":640,"width":640,"date_captured":"2023-07-31T01:51:09+00:00"},{"id":39,"license":1,"file_name":"X_084_jpeg.rf.39cf11f77bd01bd947ff894592bdf543.jpg","height":640,"width":640,"date_captured":"2023-07-31T01:51:09+00:00"},{"id":40,"license":1,"file_name":"X_008_jpeg.rf.457cd7e3a50a3c28a47e176269cfde1d.jpg","height":640,"width":640,"date_captured":"2023-07-31T01:51:09+00:00"},{"id":41,"license":1,"file_name":"X_050_jpeg.rf.4102bad7eb4f825610955a01ce97af78.jpg","height":640,"width":640,"date_captured":"2023-07-31T01:51:09+00:00"},{"id":42,"license":1,"file_name":"X_107_jpeg.rf.3e5b5157c2e946dec62da5a54cc531cf.jpg","height":640,"width":640,"date_captured":"2023-07-31T01:51:09+00:00"},{"id":43,"license":1,"file_name":"X_124_jpeg.rf.41a2dbfd0c74abbee67aee98b2638658.jpg","height":640,"width":640,"date_captured":"2023-07-31T01:51:09+00:00"},{"id":44,"license":1,"file_name":"X_046_jpeg.rf.372392bb562f0315bc03841fe3ed2bf3.jpg","height":640,"width":640,"date_captured":"2023-07-31T01:51:09+00:00"},{"id":45,"license":1,"file_name":"X_047_jpeg.rf.579dff0fcd639025129af43a8f0c5de2.jpg","height":640,"width":640,"date_captured":"2023-07-31T01:51:09+00:00"},{"id":46,"license":1,"file_name":"X_146_jpeg.rf.587d1270ee6c29f8d9bfeade1046f2cd.jpg","height":640,"width":640,"date_captured":"2023-07-31T01:51:09+00:00"},{"id":47,"license":1,"file_name":"X_152_jpeg.rf.4ff84fa87b91b3f58f63bf457123846a.jpg","height":640,"width":640,"date_captured":"2023-07-31T01:51:09+00:00"},{"id":48,"license":1,"file_name":"Bank-of-America-Banking-Credit-Cards-Loans-and-Merrill-Investing_png.rf.5351524d9a57c3a03b1f4a5720fffcca.jpg","height":640,"width":640,"date_captured":"2023-07-31T01:51:09+00:00"},{"id":49,"license":1,"file_name":"X_123_jpeg.rf.52d1acc93f12b62ab199e172c52fcd76.jpg","height":640,"width":640,"date_captured":"2023-07-31T01:51:09+00:00"},{"id":50,"license":1,"file_name":"X_122_jpeg.rf.4d47e9054c509c454cfd9dc1ff5e685f.jpg","height":640,"width":640,"date_captured":"2023-07-31T01:51:09+00:00"},{"id":51,"license":1,"file_name":"X_142_jpeg.rf.4ba61ca4cc5d144d195ac31d8025a1a7.jpg","height":640,"width":640,"date_captured":"2023-07-31T01:51:09+00:00"},{"id":52,"license":1,"file_name":"X_089_jpeg.rf.5dad90d1095861d9555072dd06103806.jpg","height":640,"width":640,"date_captured":"2023-07-31T01:51:09+00:00"},{"id":53,"license":1,"file_name":"X_141_jpeg.rf.5838e8110a007257e04ddf915fd87964.jpg","height":640,"width":640,"date_captured":"2023-07-31T01:51:09+00:00"},{"id":54,"license":1,"file_name":"X_061_jpeg.rf.54efbc17adf8c13755d54949c88aac86.jpg","height":640,"width":640,"date_captured":"2023-07-31T01:51:09+00:00"},{"id":55,"license":1,"file_name":"X_048_jpeg.rf.575a64157c6ab9380565dc9ea42f65bf.jpg","height":640,"width":640,"date_captured":"2023-07-31T01:51:09+00:00"},{"id":56,"license":1,"file_name":"X_127_jpeg.rf.64d54e5e3645887e98adb1edebc958d2.jpg","height":640,"width":640,"date_captured":"2023-07-31T01:51:09+00:00"},{"id":57,"license":1,"file_name":"X_145_jpeg.rf.5d7e7a47285ace1ec4b926cb1127f05a.jpg","height":640,"width":640,"date_captured":"2023-07-31T01:51:09+00:00"},{"id":58,"license":1,"file_name":"X_117_jpeg.rf.5ee2a7c249a6d310a0750c7d45d1be4e.jpg","height":640,"width":640,"date_captured":"2023-07-31T01:51:09+00:00"},{"id":59,"license":1,"file_name":"X_139_jpeg.rf.5c6dd3446740a18fa9906f300e47d446.jpg","height":640,"width":640,"date_captured":"2023-07-31T01:51:09+00:00"},{"id":60,"license":1,"file_name":"X_053_jpeg.rf.4ba2261651295d06409236649cc7027a.jpg","height":640,"width":640,"date_captured":"2023-07-31T01:51:09+00:00"},{"id":61,"license":1,"file_name":"X_136_jpeg.rf.6746b7e4ee5c7310369f2c1a4c443858.jpg","height":640,"width":640,"date_captured":"2023-07-31T01:51:09+00:00"},{"id":62,"license":1,"file_name":"X_094_jpeg.rf.62ee16e3cb8ac788019dfbba691a13a1.jpg","height":640,"width":640,"date_captured":"2023-07-31T01:51:09+00:00"},{"id":63,"license":1,"file_name":"X_085_jpeg.rf.75b94a86b94fed57573ed2f6b822298e.jpg","height":640,"width":640,"date_captured":"2023-07-31T01:51:09+00:00"},{"id":64,"license":1,"file_name":"X_126_jpeg.rf.6b790b6f5d134cda5d41a7beae6c6264.jpg","height":640,"width":640,"date_captured":"2023-07-31T01:51:09+00:00"},{"id":65,"license":1,"file_name":"X_101_jpeg.rf.6c90ce551c2bf02cc659fcc12cecc7af.jpg","height":640,"width":640,"date_captured":"2023-07-31T01:51:09+00:00"},{"id":66,"license":1,"file_name":"X_147_jpeg.rf.7db51986eb5f39b8d34993ee0846f7ac.jpg","height":640,"width":640,"date_captured":"2023-07-31T01:51:09+00:00"},{"id":67,"license":1,"file_name":"X_000_jpeg.rf.6857ec9282e88de7bfb3323683c955ff.jpg","height":640,"width":640,"date_captured":"2023-07-31T01:51:09+00:00"},{"id":68,"license":1,"file_name":"X_050_jpeg.rf.63ef8dec973e42a3f06ef7f6298cd772.jpg","height":640,"width":640,"date_captured":"2023-07-31T01:51:09+00:00"},{"id":69,"license":1,"file_name":"X_054_jpeg.rf.6abd854f01a9e3bd33e429f9c5da9278.jpg","height":640,"width":640,"date_captured":"2023-07-31T01:51:09+00:00"},{"id":70,"license":1,"file_name":"X_073_jpeg.rf.6f48595ba4d596a281b11fd197f59dc3.jpg","height":640,"width":640,"date_captured":"2023-07-31T01:51:09+00:00"},{"id":71,"license":1,"file_name":"X_108_jpeg.rf.6f3e168158dc5f83d87b2a74bcdcb676.jpg","height":640,"width":640,"date_captured":"2023-07-31T01:51:09+00:00"},{"id":72,"license":1,"file_name":"X_045_jpeg.rf.7f990ccfd2dda5e3fbd1b77e38c9a56c.jpg","height":640,"width":640,"date_captured":"2023-07-31T01:51:09+00:00"},{"id":73,"license":1,"file_name":"X_072_jpeg.rf.773e2ba1120988424d71e7ed23aac4a9.jpg","height":640,"width":640,"date_captured":"2023-07-31T01:51:09+00:00"},{"id":74,"license":1,"file_name":"X_110_jpeg.rf.851294ebc5cbb789dc6fc572b1f4b499.jpg","height":640,"width":640,"date_captured":"2023-07-31T01:51:09+00:00"},{"id":75,"license":1,"file_name":"X_146_jpeg.rf.70ba49f3123591585c5b125c80ba3022.jpg","height":640,"width":640,"date_captured":"2023-07-31T01:51:09+00:00"},{"id":76,"license":1,"file_name":"X_003_jpeg.rf.72e324080f5bf923bf3bb0a59adcb384.jpg","height":640,"width":640,"date_captured":"2023-07-31T01:51:09+00:00"},{"id":77,"license":1,"file_name":"X_100_jpeg.rf.7b9afe7bfae8f7485cd4d105c9af0af4.jpg","height":640,"width":640,"date_captured":"2023-07-31T01:51:09+00:00"},{"id":78,"license":1,"file_name":"X_068_jpeg.rf.80e5d979c37cda8b83c2c777d79128c1.jpg","height":640,"width":640,"date_captured":"2023-07-31T01:51:09+00:00"},{"id":79,"license":1,"file_name":"X_058_jpeg.rf.892cb1f15d7c6b25bdb814f9a0240a28.jpg","height":640,"width":640,"date_captured":"2023-07-31T01:51:09+00:00"},{"id":80,"license":1,"file_name":"X_103_jpeg.rf.886a174533bab5e24cada3c741c4f5f2.jpg","height":640,"width":640,"date_captured":"2023-07-31T01:51:09+00:00"},{"id":81,"license":1,"file_name":"X_108_jpeg.rf.87f3815d45e2156c33bc26541dc48692.jpg","height":640,"width":640,"date_captured":"2023-07-31T01:51:09+00:00"},{"id":82,"license":1,"file_name":"X_087_jpeg.rf.6fd52e7e99e44a487a30993eb5275959.jpg","height":640,"width":640,"date_captured":"2023-07-31T01:51:09+00:00"},{"id":83,"license":1,"file_name":"X_058_jpeg.rf.7427c528636e0e3220dd17ca74c58f40.jpg","height":640,"width":640,"date_captured":"2023-07-31T01:51:09+00:00"},{"id":84,"license":1,"file_name":"X_134_jpeg.rf.8bb0e7bcc127d5900d4e9734f9f7a4fe.jpg","height":640,"width":640,"date_captured":"2023-07-31T01:51:09+00:00"},{"id":85,"license":1,"file_name":"X_074_jpeg.rf.8c1ac7d6cade949b358c4c1ccfb4a347.jpg","height":640,"width":640,"date_captured":"2023-07-31T01:51:09+00:00"},{"id":86,"license":1,"file_name":"X_120_jpeg.rf.645196f5630968d899f00b76c89d6511.jpg","height":640,"width":640,"date_captured":"2023-07-31T01:51:09+00:00"},{"id":87,"license":1,"file_name":"X_163_jpeg.rf.8a5c55a833726870078c5a00e0930dfb.jpg","height":640,"width":640,"date_captured":"2023-07-31T01:51:09+00:00"},{"id":88,"license":1,"file_name":"X_057_jpeg.rf.69f08b56f5a08c446cdb98245cea2dde.jpg","height":640,"width":640,"date_captured":"2023-07-31T01:51:09+00:00"},{"id":89,"license":1,"file_name":"X_114_jpeg.rf.915cbeef272bb7d0c7d6bc8a52baa099.jpg","height":640,"width":640,"date_captured":"2023-07-31T01:51:09+00:00"},{"id":90,"license":1,"file_name":"X_111_jpeg.rf.8fd7ff631dd552362f6ab25b31222516.jpg","height":640,"width":640,"date_captured":"2023-07-31T01:51:09+00:00"},{"id":91,"license":1,"file_name":"X_002_jpeg.rf.a40864bd2d2902a8a7d7389f2a4c7ca5.jpg","height":640,"width":640,"date_captured":"2023-07-31T01:51:09+00:00"},{"id":92,"license":1,"file_name":"X_091_jpeg.rf.9cfcb879b76b15dd8194164a6120ad70.jpg","height":640,"width":640,"date_captured":"2023-07-31T01:51:09+00:00"},{"id":93,"license":1,"file_name":"Trustmark-Bank_jpeg.rf.b2c5203c59f22dfcbf4b1bc089e05900.jpg","height":640,"width":640,"date_captured":"2023-07-31T01:51:09+00:00"},{"id":94,"license":1,"file_name":"X_128_jpeg.rf.9027ea73d904642ca98a34ae83e53b22.jpg","height":640,"width":640,"date_captured":"2023-07-31T01:51:09+00:00"},{"id":95,"license":1,"file_name":"X_138_jpeg.rf.912e92641b3b55b1e58c5cc28ea38203.jpg","height":640,"width":640,"date_captured":"2023-07-31T01:51:09+00:00"},{"id":96,"license":1,"file_name":"X_102_jpeg.rf.9c4f486af4ffd00b0caeddbf97f3eb62.jpg","height":640,"width":640,"date_captured":"2023-07-31T01:51:09+00:00"},{"id":97,"license":1,"file_name":"X_060_jpeg.rf.a778f68d655f28e316e196ac1be6bdf1.jpg","height":640,"width":640,"date_captured":"2023-07-31T01:51:09+00:00"},{"id":98,"license":1,"file_name":"X_061_jpeg.rf.a8c19dba717665a17eebca53e7f890e6.jpg","height":640,"width":640,"date_captured":"2023-07-31T01:51:09+00:00"},{"id":99,"license":1,"file_name":"X_075_jpeg.rf.aaf396851e82e6eaaab8584572df2d64.jpg","height":640,"width":640,"date_captured":"2023-07-31T01:51:09+00:00"},{"id":100,"license":1,"file_name":"X_043_jpeg.rf.b8633e601bacbf6db7e52d0d8e1b2ce7.jpg","height":640,"width":640,"date_captured":"2023-07-31T01:51:09+00:00"},{"id":101,"license":1,"file_name":"X_140_jpeg.rf.be8dca058ae7d620fe2f494027e63b60.jpg","height":640,"width":640,"date_captured":"2023-07-31T01:51:09+00:00"},{"id":102,"license":1,"file_name":"X_124_jpeg.rf.a7635577cb155ee8d1f5d5754e46f573.jpg","height":640,"width":640,"date_captured":"2023-07-31T01:51:09+00:00"},{"id":103,"license":1,"file_name":"X_122_jpeg.rf.a9432e751a9b7dfefa9a0df9aa94786c.jpg","height":640,"width":640,"date_captured":"2023-07-31T01:51:09+00:00"},{"id":104,"license":1,"file_name":"X_149_jpeg.rf.8ddf1f9bd489ba77c8dfe583d0b874bd.jpg","height":640,"width":640,"date_captured":"2023-07-31T01:51:09+00:00"},{"id":105,"license":1,"file_name":"X_151_jpeg.rf.ae93b52d2f7fc2c804f235281f5e218a.jpg","height":640,"width":640,"date_captured":"2023-07-31T01:51:09+00:00"},{"id":106,"license":1,"file_name":"X_121_jpeg.rf.c32065cb6d769f44b04f944e205b4d0a.jpg","height":640,"width":640,"date_captured":"2023-07-31T01:51:09+00:00"},{"id":107,"license":1,"file_name":"X_137_jpeg.rf.b51a3bfeae2e72321cc6c35871eb4d15.jpg","height":640,"width":640,"date_captured":"2023-07-31T01:51:09+00:00"},{"id":108,"license":1,"file_name":"X_051_jpeg.rf.bac447ffef95e8f06bd130d23ee268d6.jpg","height":640,"width":640,"date_captured":"2023-07-31T01:51:09+00:00"},{"id":109,"license":1,"file_name":"X_158_jpeg.rf.b3784f541ae4478480367821c828dfbc.jpg","height":640,"width":640,"date_captured":"2023-07-31T01:51:09+00:00"},{"id":110,"license":1,"file_name":"X_132_jpeg.rf.bc62416cde155e17dc0933d4248f8bc3.jpg","height":640,"width":640,"date_captured":"2023-07-31T01:51:09+00:00"},{"id":111,"license":1,"file_name":"X_088_jpeg.rf.91e0d26200c46803f9e93e708d5a8275.jpg","height":640,"width":640,"date_captured":"2023-07-31T01:51:09+00:00"},{"id":112,"license":1,"file_name":"X_137_jpeg.rf.c26dc822e944530e7f8624023d2cda9f.jpg","height":640,"width":640,"date_captured":"2023-07-31T01:51:09+00:00"},{"id":113,"license":1,"file_name":"X_131_jpeg.rf.a670d724aed23ecf4b9ed93db3a7f877.jpg","height":640,"width":640,"date_captured":"2023-07-31T01:51:09+00:00"},{"id":114,"license":1,"file_name":"X_155_jpeg.rf.bc8904c97b14eb7e48ad51a9413004fd.jpg","height":640,"width":640,"date_captured":"2023-07-31T01:51:09+00:00"},{"id":115,"license":1,"file_name":"X_132_jpeg.rf.bf42fa0c3311097f4a5a3dedae152144.jpg","height":640,"width":640,"date_captured":"2023-07-31T01:51:09+00:00"},{"id":116,"license":1,"file_name":"X_066_jpeg.rf.62b78f38a2a1fed700f4ec9044ada6cc.jpg","height":640,"width":640,"date_captured":"2023-07-31T01:51:09+00:00"},{"id":117,"license":1,"file_name":"X_095_jpeg.rf.c61eca5a00fa635d86585e84805b08b8.jpg","height":640,"width":640,"date_captured":"2023-07-31T01:51:09+00:00"},{"id":118,"license":1,"file_name":"X_152_jpeg.rf.d76af8f882deaa4a29057a4d974724c2.jpg","height":640,"width":640,"date_captured":"2023-07-31T01:51:09+00:00"},{"id":119,"license":1,"file_name":"X_161_jpeg.rf.cfbf00e40ef73f3807e4b71dcf4e58b1.jpg","height":640,"width":640,"date_captured":"2023-07-31T01:51:09+00:00"},{"id":120,"license":1,"file_name":"X_129_jpeg.rf.d68bd9b619e22540f90701a6f7844ee8.jpg","height":640,"width":640,"date_captured":"2023-07-31T01:51:09+00:00"},{"id":121,"license":1,"file_name":"X_082_jpeg.rf.c519e0d9fabfd66d83a9e57a0a417649.jpg","height":640,"width":640,"date_captured":"2023-07-31T01:51:09+00:00"},{"id":122,"license":1,"file_name":"X_100_jpeg.rf.d860ccb989e5d01d104165aebc8aba2f.jpg","height":640,"width":640,"date_captured":"2023-07-31T01:51:09+00:00"},{"id":123,"license":1,"file_name":"X_072_jpeg.rf.ec5588dc0857da757788b7016328b107.jpg","height":640,"width":640,"date_captured":"2023-07-31T01:51:09+00:00"},{"id":124,"license":1,"file_name":"X_103_jpeg.rf.dd3dc0efeded06c9913357623c03dfda.jpg","height":640,"width":640,"date_captured":"2023-07-31T01:51:09+00:00"},{"id":125,"license":1,"file_name":"X_156_jpeg.rf.d83e39158f11586a0ac440bbd94c7e3c.jpg","height":640,"width":640,"date_captured":"2023-07-31T01:51:09+00:00"},{"id":126,"license":1,"file_name":"X_010_jpeg.rf.ee05bd9f97c05ed01c37af5dfe2859f4.jpg","height":640,"width":640,"date_captured":"2023-07-31T01:51:09+00:00"},{"id":127,"license":1,"file_name":"X_008_jpeg.rf.bf4a8021bf8958c42f2566af1db10c1a.jpg","height":640,"width":640,"date_captured":"2023-07-31T01:51:09+00:00"},{"id":128,"license":1,"file_name":"X_126_jpeg.rf.d88e5c98c3b59f49a6101e3915b3a55a.jpg","height":640,"width":640,"date_captured":"2023-07-31T01:51:09+00:00"},{"id":129,"license":1,"file_name":"X_155_jpeg.rf.c1e0946238ca6b1f6f33e48fc040bead.jpg","height":640,"width":640,"date_captured":"2023-07-31T01:51:09+00:00"},{"id":130,"license":1,"file_name":"X_063_jpeg.rf.eda2d54dadab0991cdfc04825856fe88.jpg","height":640,"width":640,"date_captured":"2023-07-31T01:51:09+00:00"},{"id":131,"license":1,"file_name":"X_054_jpeg.rf.c58bc0b2e485986ca4a1de446318897a.jpg","height":640,"width":640,"date_captured":"2023-07-31T01:51:09+00:00"},{"id":132,"license":1,"file_name":"X_082_jpeg.rf.d8e52d07375a6a3ca271ed81e02ee144.jpg","height":640,"width":640,"date_captured":"2023-07-31T01:51:09+00:00"},{"id":133,"license":1,"file_name":"X_077_jpeg.rf.f81d32eae5dd4c184b36bdb255fad78b.jpg","height":640,"width":640,"date_captured":"2023-07-31T01:51:09+00:00"},{"id":134,"license":1,"file_name":"X_129_jpeg.rf.ecc47e9f8309e169c081ad4d8897cb72.jpg","height":640,"width":640,"date_captured":"2023-07-31T01:51:09+00:00"},{"id":135,"license":1,"file_name":"X_077_jpeg.rf.d813f9afa60ad23c322620df2ca5edde.jpg","height":640,"width":640,"date_captured":"2023-07-31T01:51:09+00:00"},{"id":136,"license":1,"file_name":"X_102_jpeg.rf.ebbc685011f3f7c90f93d4d9aae501f4.jpg","height":640,"width":640,"date_captured":"2023-07-31T01:51:09+00:00"},{"id":137,"license":1,"file_name":"X_057_jpeg.rf.d60272376f9c4fde38d103c6b094c960.jpg","height":640,"width":640,"date_captured":"2023-07-31T01:51:09+00:00"},{"id":138,"license":1,"file_name":"X_062_jpeg.rf.e5d1bf3950c9b6bc5ecb32bb4e08fc91.jpg","height":640,"width":640,"date_captured":"2023-07-31T01:51:09+00:00"},{"id":139,"license":1,"file_name":"X_084_jpeg.rf.e07b5b31161a1492be5c0007376211d8.jpg","height":640,"width":640,"date_captured":"2023-07-31T01:51:09+00:00"},{"id":140,"license":1,"file_name":"X_130_jpeg.rf.e432d2c95b9792f31e7b4bd57e735950.jpg","height":640,"width":640,"date_captured":"2023-07-31T01:51:09+00:00"},{"id":141,"license":1,"file_name":"X_097_jpeg.rf.f32c013d3fa3882cdf1fcdca28400269.jpg","height":640,"width":640,"date_captured":"2023-07-31T01:51:09+00:00"},{"id":142,"license":1,"file_name":"X_139_jpeg.rf.eb0cd7ef650aeccb3eab188dd4bcf483.jpg","height":640,"width":640,"date_captured":"2023-07-31T01:51:09+00:00"},{"id":143,"license":1,"file_name":"X_133_jpeg.rf.fa2f95af9984c4bcdb0f7d5a20cffc69.jpg","height":640,"width":640,"date_captured":"2023-07-31T01:51:09+00:00"},{"id":144,"license":1,"file_name":"X_128_jpeg.rf.fa48e5e739b7d0414769c8e997d6b186.jpg","height":640,"width":640,"date_captured":"2023-07-31T01:51:09+00:00"}],"annotations":[{"id":0,"image_id":0,"category_id":2,"bbox":[106,179,447,51],"area":22797,"segmentation":[],"iscrowd":0},{"id":1,"image_id":0,"category_id":1,"bbox":[491,241,67.5,44],"area":2970,"segmentation":[],"iscrowd":0},{"id":2,"image_id":1,"category_id":2,"bbox":[103,195,374.5,60.5],"area":22657.25,"segmentation":[],"iscrowd":0},{"id":3,"image_id":1,"category_id":1,"bbox":[494,251,71,64.5],"area":4579.5,"segmentation":[],"iscrowd":0},{"id":4,"image_id":2,"category_id":2,"bbox":[100,183,262.5,67],"area":17587.5,"segmentation":[],"iscrowd":0},{"id":5,"image_id":2,"category_id":1,"bbox":[485,237,78.5,46],"area":3611,"segmentation":[],"iscrowd":0},{"id":6,"image_id":3,"category_id":2,"bbox":[60,190,266,72.5],"area":19285,"segmentation":[],"iscrowd":0},{"id":7,"image_id":3,"category_id":1,"bbox":[475,248,93,59.5],"area":5533.5,"segmentation":[],"iscrowd":0},{"id":8,"image_id":4,"category_id":2,"bbox":[129,185,155.5,57.5],"area":8941.25,"segmentation":[],"iscrowd":0},{"id":9,"image_id":4,"category_id":1,"bbox":[504,240,73,53],"area":3869,"segmentation":[],"iscrowd":0},{"id":10,"image_id":5,"category_id":2,"bbox":[63,198,284,79],"area":22436,"segmentation":[],"iscrowd":0},{"id":11,"image_id":5,"category_id":1,"bbox":[480,264,110.5,57.5],"area":6353.75,"segmentation":[],"iscrowd":0},{"id":12,"image_id":6,"category_id":2,"bbox":[82,172,375.5,66.5],"area":24970.75,"segmentation":[],"iscrowd":0},{"id":13,"image_id":6,"category_id":1,"bbox":[477,238,112.5,53],"area":5962.5,"segmentation":[],"iscrowd":0},{"id":14,"image_id":7,"category_id":2,"bbox":[52,186,333,63.5],"area":21145.5,"segmentation":[],"iscrowd":0},{"id":15,"image_id":7,"category_id":1,"bbox":[472,248,93.5,55],"area":5142.5,"segmentation":[],"iscrowd":0},{"id":16,"image_id":8,"category_id":2,"bbox":[69,203,482.5,56.5],"area":27261.25,"segmentation":[],"iscrowd":0},{"id":17,"image_id":8,"category_id":1,"bbox":[483,268,80.5,48],"area":3864,"segmentation":[],"iscrowd":0},{"id":18,"image_id":9,"category_id":2,"bbox":[103,192,238.5,62.5],"area":14906.25,"segmentation":[],"iscrowd":0},{"id":19,"image_id":9,"category_id":1,"bbox":[477,250,109,45],"area":4905,"segmentation":[],"iscrowd":0},{"id":20,"image_id":10,"category_id":2,"bbox":[63,251,233,61],"area":14213,"segmentation":[],"iscrowd":0},{"id":21,"image_id":10,"category_id":1,"bbox":[472,218,151,89],"area":13439,"segmentation":[],"iscrowd":0},{"id":22,"image_id":11,"category_id":2,"bbox":[317,271,189,55.5],"area":10489.5,"segmentation":[],"iscrowd":0},{"id":23,"image_id":11,"category_id":1,"bbox":[520,186,51.5,55.5],"area":2858.25,"segmentation":[],"iscrowd":0},{"id":24,"image_id":12,"category_id":2,"bbox":[321,303,179,74],"area":13246,"segmentation":[],"iscrowd":0},{"id":25,"image_id":12,"category_id":1,"bbox":[522,227,63,39],"area":2457,"segmentation":[],"iscrowd":0},{"id":26,"image_id":13,"category_id":2,"bbox":[361,369,209.5,29],"area":6075.5,"segmentation":[],"iscrowd":0},{"id":27,"image_id":13,"category_id":1,"bbox":[525,285,94.5,83.5],"area":7890.75,"segmentation":[],"iscrowd":0},{"id":28,"image_id":14,"category_id":2,"bbox":[261,291,199,64.5],"area":12835.5,"segmentation":[],"iscrowd":0},{"id":29,"image_id":14,"category_id":1,"bbox":[506,314,78,62.5],"area":4875,"segmentation":[],"iscrowd":0},{"id":30,"image_id":15,"category_id":2,"bbox":[66,179,363.5,70],"area":25445,"segmentation":[],"iscrowd":0},{"id":31,"image_id":15,"category_id":1,"bbox":[484,248,98,54.5],"area":5341,"segmentation":[],"iscrowd":0},{"id":32,"image_id":16,"category_id":2,"bbox":[115,180,222,69.5],"area":15429,"segmentation":[],"iscrowd":0},{"id":33,"image_id":16,"category_id":1,"bbox":[501,233,66,56.5],"area":3729,"segmentation":[],"iscrowd":0},{"id":34,"image_id":17,"category_id":2,"bbox":[261,291,199,64.5],"area":12835.5,"segmentation":[],"iscrowd":0},{"id":35,"image_id":17,"category_id":1,"bbox":[506,314,78,62.5],"area":4875,"segmentation":[],"iscrowd":0},{"id":36,"image_id":18,"category_id":2,"bbox":[59,185,229,65.5],"area":14999.5,"segmentation":[],"iscrowd":0},{"id":37,"image_id":18,"category_id":1,"bbox":[474,240,139,55.5],"area":7714.5,"segmentation":[],"iscrowd":0},{"id":38,"image_id":19,"category_id":2,"bbox":[113,195,425,56.5],"area":24012.5,"segmentation":[],"iscrowd":0},{"id":39,"image_id":19,"category_id":1,"bbox":[483,255,79,36.5],"area":2883.5,"segmentation":[],"iscrowd":0},{"id":40,"image_id":20,"category_id":2,"bbox":[74,276,363,46],"area":16698,"segmentation":[],"iscrowd":0},{"id":41,"image_id":20,"category_id":1,"bbox":[539,245,68.5,35],"area":2397.5,"segmentation":[],"iscrowd":0},{"id":42,"image_id":21,"category_id":2,"bbox":[97,188,434.5,60.5],"area":26287.25,"segmentation":[],"iscrowd":0},{"id":43,"image_id":21,"category_id":1,"bbox":[485,253,75,40.5],"area":3037.5,"segmentation":[],"iscrowd":0},{"id":44,"image_id":22,"category_id":2,"bbox":[116,166,381.5,70.5],"area":26895.75,"segmentation":[],"iscrowd":0},{"id":45,"image_id":22,"category_id":1,"bbox":[500,235,105.5,65],"area":6857.5,"segmentation":[],"iscrowd":0},{"id":46,"image_id":23,"category_id":2,"bbox":[127,201,256,75],"area":19200,"segmentation":[],"iscrowd":0},{"id":47,"image_id":23,"category_id":1,"bbox":[479,245,65,77],"area":5005,"segmentation":[],"iscrowd":0},{"id":48,"image_id":24,"category_id":2,"bbox":[146,192,205.5,71.5],"area":14693.25,"segmentation":[],"iscrowd":0},{"id":49,"image_id":24,"category_id":1,"bbox":[476,242,105,61.5],"area":6457.5,"segmentation":[],"iscrowd":0},{"id":50,"image_id":25,"category_id":2,"bbox":[85,171,223,40.5],"area":9031.5,"segmentation":[],"iscrowd":0},{"id":51,"image_id":25,"category_id":1,"bbox":[554,281,61,29.5],"area":1799.5,"segmentation":[],"iscrowd":0},{"id":52,"image_id":26,"category_id":2,"bbox":[65,191,218.5,76],"area":16606,"segmentation":[],"iscrowd":0},{"id":53,"image_id":26,"category_id":1,"bbox":[477,255,105,54.5],"area":5722.5,"segmentation":[],"iscrowd":0},{"id":54,"image_id":27,"category_id":2,"bbox":[76,194,304.5,73],"area":22228.5,"segmentation":[],"iscrowd":0},{"id":55,"image_id":27,"category_id":1,"bbox":[473,247,89,69],"area":6141,"segmentation":[],"iscrowd":0},{"id":56,"image_id":28,"category_id":2,"bbox":[121,185,269.5,70],"area":18865,"segmentation":[],"iscrowd":0},{"id":57,"image_id":28,"category_id":1,"bbox":[475,241,95,66],"area":6270,"segmentation":[],"iscrowd":0},{"id":58,"image_id":29,"category_id":2,"bbox":[59,183,236.5,55],"area":13007.5,"segmentation":[],"iscrowd":0},{"id":59,"image_id":29,"category_id":1,"bbox":[482,238,98.5,55],"area":5417.5,"segmentation":[],"iscrowd":0},{"id":60,"image_id":30,"category_id":2,"bbox":[78,237,269,64],"area":17216,"segmentation":[],"iscrowd":0},{"id":61,"image_id":30,"category_id":1,"bbox":[504,235,61,58.5],"area":3568.5,"segmentation":[],"iscrowd":0},{"id":62,"image_id":31,"category_id":2,"bbox":[110,170,258,72.5],"area":18705,"segmentation":[],"iscrowd":0},{"id":63,"image_id":31,"category_id":1,"bbox":[500,236,71,52],"area":3692,"segmentation":[],"iscrowd":0},{"id":64,"image_id":32,"category_id":2,"bbox":[110,170,258,72.5],"area":18705,"segmentation":[],"iscrowd":0},{"id":65,"image_id":32,"category_id":1,"bbox":[500,236,71,52],"area":3692,"segmentation":[],"iscrowd":0},{"id":66,"image_id":33,"category_id":2,"bbox":[91,192,370,64.5],"area":23865,"segmentation":[],"iscrowd":0},{"id":67,"image_id":33,"category_id":1,"bbox":[473,243,93.5,61.5],"area":5750.25,"segmentation":[],"iscrowd":0},{"id":68,"image_id":34,"category_id":2,"bbox":[61,272,380.5,131],"area":49845.5,"segmentation":[],"iscrowd":0},{"id":69,"image_id":34,"category_id":1,"bbox":[504,253,54.5,62.5],"area":3406.25,"segmentation":[],"iscrowd":0},{"id":70,"image_id":35,"category_id":2,"bbox":[104,198,285,76],"area":21660,"segmentation":[],"iscrowd":0},{"id":71,"image_id":35,"category_id":1,"bbox":[495,234,93,81.5],"area":7579.5,"segmentation":[],"iscrowd":0},{"id":72,"image_id":36,"category_id":2,"bbox":[100,183,262.5,67],"area":17587.5,"segmentation":[],"iscrowd":0},{"id":73,"image_id":36,"category_id":1,"bbox":[485,237,78.5,46],"area":3611,"segmentation":[],"iscrowd":0},{"id":74,"image_id":37,"category_id":2,"bbox":[126,179,392.5,65.5],"area":25708.75,"segmentation":[],"iscrowd":0},{"id":75,"image_id":37,"category_id":1,"bbox":[508,250,93.5,43.5],"area":4067.25,"segmentation":[],"iscrowd":0},{"id":76,"image_id":38,"category_id":2,"bbox":[81,200,252,64.5],"area":16254,"segmentation":[],"iscrowd":0},{"id":77,"image_id":38,"category_id":1,"bbox":[478,241,75,60.5],"area":4537.5,"segmentation":[],"iscrowd":0},{"id":78,"image_id":39,"category_id":2,"bbox":[73,175,357,81.5],"area":29095.5,"segmentation":[],"iscrowd":0},{"id":79,"image_id":39,"category_id":1,"bbox":[482,246,98,61.5],"area":6027,"segmentation":[],"iscrowd":0},{"id":80,"image_id":40,"category_id":2,"bbox":[290,326,158,66.5],"area":10507,"segmentation":[],"iscrowd":0},{"id":81,"image_id":40,"category_id":1,"bbox":[531,256,53.5,60.5],"area":3236.75,"segmentation":[],"iscrowd":0},{"id":82,"image_id":41,"category_id":2,"bbox":[85,298,255.5,55],"area":14052.5,"segmentation":[],"iscrowd":0},{"id":83,"image_id":41,"category_id":1,"bbox":[534,277,73,51.5],"area":3759.5,"segmentation":[],"iscrowd":0},{"id":84,"image_id":42,"category_id":2,"bbox":[128,188,356.5,64.5],"area":22994.25,"segmentation":[],"iscrowd":0},{"id":85,"image_id":42,"category_id":1,"bbox":[490,246,73,43],"area":3139,"segmentation":[],"iscrowd":0},{"id":86,"image_id":43,"category_id":2,"bbox":[139,187,184.5,79],"area":14575.5,"segmentation":[],"iscrowd":0},{"id":87,"image_id":43,"category_id":1,"bbox":[481,246,104.5,60.5],"area":6322.25,"segmentation":[],"iscrowd":0},{"id":88,"image_id":44,"category_id":2,"bbox":[60,277,102.5,51.5],"area":5278.75,"segmentation":[],"iscrowd":0},{"id":89,"image_id":44,"category_id":1,"bbox":[480,272,48.5,60.5],"area":2934.25,"segmentation":[],"iscrowd":0},{"id":90,"image_id":45,"category_id":2,"bbox":[65,290,296,48],"area":14208,"segmentation":[],"iscrowd":0},{"id":91,"image_id":45,"category_id":1,"bbox":[479,288,62,45],"area":2790,"segmentation":[],"iscrowd":0},{"id":92,"image_id":46,"category_id":1,"bbox":[478,244,106,63.5],"area":6731,"segmentation":[],"iscrowd":0},{"id":93,"image_id":47,"category_id":2,"bbox":[111,189,247.5,85.5],"area":21161.25,"segmentation":[],"iscrowd":0},{"id":94,"image_id":47,"category_id":1,"bbox":[489,251,85.5,50],"area":4275,"segmentation":[],"iscrowd":0},{"id":95,"image_id":48,"category_id":2,"bbox":[61,245,235,55.5],"area":13042.5,"segmentation":[],"iscrowd":0},{"id":96,"image_id":48,"category_id":1,"bbox":[581,190,43.5,36.5],"area":1587.75,"segmentation":[],"iscrowd":0},{"id":97,"image_id":49,"category_id":2,"bbox":[59,185,229,65.5],"area":14999.5,"segmentation":[],"iscrowd":0},{"id":98,"image_id":49,"category_id":1,"bbox":[474,240,139,55.5],"area":7714.5,"segmentation":[],"iscrowd":0},{"id":99,"image_id":50,"category_id":2,"bbox":[99,191,222.5,67.5],"area":15018.75,"segmentation":[],"iscrowd":0},{"id":100,"image_id":50,"category_id":1,"bbox":[478,251,132,52],"area":6864,"segmentation":[],"iscrowd":0},{"id":101,"image_id":51,"category_id":2,"bbox":[76,178,259,68],"area":17612,"segmentation":[],"iscrowd":0},{"id":102,"image_id":51,"category_id":1,"bbox":[473,240,105,60.5],"area":6352.5,"segmentation":[],"iscrowd":0},{"id":103,"image_id":52,"category_id":2,"bbox":[79,179,393,61.5],"area":24169.5,"segmentation":[],"iscrowd":0},{"id":104,"image_id":52,"category_id":1,"bbox":[488,241,99,43],"area":4257,"segmentation":[],"iscrowd":0},{"id":105,"image_id":53,"category_id":2,"bbox":[85,182,257,74],"area":19018,"segmentation":[],"iscrowd":0},{"id":106,"image_id":53,"category_id":1,"bbox":[472,239,112.5,61.5],"area":6918.75,"segmentation":[],"iscrowd":0},{"id":107,"image_id":54,"category_id":2,"bbox":[103,174,257.5,69.5],"area":17896.25,"segmentation":[],"iscrowd":0},{"id":108,"image_id":54,"category_id":1,"bbox":[497,237,100,51],"area":5100,"segmentation":[],"iscrowd":0},{"id":109,"image_id":55,"category_id":2,"bbox":[63,251,233,61],"area":14213,"segmentation":[],"iscrowd":0},{"id":110,"image_id":55,"category_id":1,"bbox":[472,218,151,89],"area":13439,"segmentation":[],"iscrowd":0},{"id":111,"image_id":56,"category_id":2,"bbox":[60,190,266,72.5],"area":19285,"segmentation":[],"iscrowd":0},{"id":112,"image_id":56,"category_id":1,"bbox":[475,248,93,59.5],"area":5533.5,"segmentation":[],"iscrowd":0},{"id":113,"image_id":57,"category_id":2,"bbox":[122,188,289,62.5],"area":18062.5,"segmentation":[],"iscrowd":0},{"id":114,"image_id":57,"category_id":1,"bbox":[487,240,97,59.5],"area":5771.5,"segmentation":[],"iscrowd":0},{"id":115,"image_id":58,"category_id":2,"bbox":[111,195,208.5,79.5],"area":16575.75,"segmentation":[],"iscrowd":0},{"id":116,"image_id":58,"category_id":1,"bbox":[483,268,90,51],"area":4590,"segmentation":[],"iscrowd":0},{"id":117,"image_id":59,"category_id":2,"bbox":[94,190,359.5,72],"area":25884,"segmentation":[],"iscrowd":0},{"id":118,"image_id":59,"category_id":1,"bbox":[473,241,88.5,76],"area":6726,"segmentation":[],"iscrowd":0},{"id":119,"image_id":60,"category_id":2,"bbox":[116,166,381.5,70.5],"area":26895.75,"segmentation":[],"iscrowd":0},{"id":120,"image_id":60,"category_id":1,"bbox":[500,235,105.5,65],"area":6857.5,"segmentation":[],"iscrowd":0},{"id":121,"image_id":61,"category_id":2,"bbox":[66,188,318,70],"area":22260,"segmentation":[],"iscrowd":0},{"id":122,"image_id":61,"category_id":1,"bbox":[473,241,85,68],"area":5780,"segmentation":[],"iscrowd":0},{"id":123,"image_id":62,"category_id":2,"bbox":[86,183,269,63.5],"area":17081.5,"segmentation":[],"iscrowd":0},{"id":124,"image_id":62,"category_id":1,"bbox":[475,242,109.5,66.5],"area":7281.75,"segmentation":[],"iscrowd":0},{"id":125,"image_id":63,"category_id":2,"bbox":[71,182,393,68],"area":26724,"segmentation":[],"iscrowd":0},{"id":126,"image_id":63,"category_id":1,"bbox":[492,258,107,47],"area":5029,"segmentation":[],"iscrowd":0},{"id":127,"image_id":64,"category_id":2,"bbox":[89,182,285,85],"area":24225,"segmentation":[],"iscrowd":0},{"id":128,"image_id":64,"category_id":1,"bbox":[473,247,75,66.5],"area":4987.5,"segmentation":[],"iscrowd":0},{"id":129,"image_id":65,"category_id":2,"bbox":[81,200,252,64.5],"area":16254,"segmentation":[],"iscrowd":0},{"id":130,"image_id":65,"category_id":1,"bbox":[478,241,75,60.5],"area":4537.5,"segmentation":[],"iscrowd":0},{"id":131,"image_id":66,"category_id":2,"bbox":[58,193,317.5,64.5],"area":20478.75,"segmentation":[],"iscrowd":0},{"id":132,"image_id":66,"category_id":1,"bbox":[480,253,79.5,52],"area":4134,"segmentation":[],"iscrowd":0},{"id":133,"image_id":67,"category_id":2,"bbox":[59,326,204,42.5],"area":8670,"segmentation":[],"iscrowd":0},{"id":134,"image_id":67,"category_id":1,"bbox":[528,227,66.5,44.5],"area":2959.25,"segmentation":[],"iscrowd":0},{"id":135,"image_id":68,"category_id":2,"bbox":[85,298,255.5,55],"area":14052.5,"segmentation":[],"iscrowd":0},{"id":136,"image_id":68,"category_id":1,"bbox":[534,277,73,51.5],"area":3759.5,"segmentation":[],"iscrowd":0},{"id":137,"image_id":69,"category_id":2,"bbox":[116,176,317.5,65.5],"area":20796.25,"segmentation":[],"iscrowd":0},{"id":138,"image_id":69,"category_id":1,"bbox":[500,241,76.5,50],"area":3825,"segmentation":[],"iscrowd":0},{"id":139,"image_id":70,"category_id":2,"bbox":[98,183,301.5,64.5],"area":19446.75,"segmentation":[],"iscrowd":0},{"id":140,"image_id":70,"category_id":1,"bbox":[505,242,80.5,52],"area":4186,"segmentation":[],"iscrowd":0},{"id":141,"image_id":71,"category_id":2,"bbox":[166,188,336,54.5],"area":18312,"segmentation":[],"iscrowd":0},{"id":142,"image_id":71,"category_id":1,"bbox":[480,246,70.5,43],"area":3031.5,"segmentation":[],"iscrowd":0},{"id":143,"image_id":72,"category_id":2,"bbox":[78,237,269,64],"area":17216,"segmentation":[],"iscrowd":0},{"id":144,"image_id":72,"category_id":1,"bbox":[504,235,61,58.5],"area":3568.5,"segmentation":[],"iscrowd":0},{"id":145,"image_id":73,"category_id":2,"bbox":[136,181,133,61.5],"area":8179.5,"segmentation":[],"iscrowd":0},{"id":146,"image_id":73,"category_id":1,"bbox":[505,244,77,57.5],"area":4427.5,"segmentation":[],"iscrowd":0},{"id":147,"image_id":74,"category_id":2,"bbox":[106,179,447,51],"area":22797,"segmentation":[],"iscrowd":0},{"id":148,"image_id":74,"category_id":1,"bbox":[491,241,67.5,44],"area":2970,"segmentation":[],"iscrowd":0},{"id":149,"image_id":75,"category_id":1,"bbox":[478,244,106,63.5],"area":6731,"segmentation":[],"iscrowd":0},{"id":150,"image_id":76,"category_id":2,"bbox":[74,276,363,46],"area":16698,"segmentation":[],"iscrowd":0},{"id":151,"image_id":76,"category_id":1,"bbox":[539,245,68.5,35],"area":2397.5,"segmentation":[],"iscrowd":0},{"id":152,"image_id":77,"category_id":2,"bbox":[74,189,255.5,50],"area":12775,"segmentation":[],"iscrowd":0},{"id":153,"image_id":77,"category_id":1,"bbox":[478,239,96.5,52],"area":5018,"segmentation":[],"iscrowd":0},{"id":154,"image_id":78,"category_id":2,"bbox":[111,197,165.5,55.5],"area":9185.25,"segmentation":[],"iscrowd":0},{"id":155,"image_id":78,"category_id":1,"bbox":[508,259,74.5,51],"area":3799.5,"segmentation":[],"iscrowd":0},{"id":156,"image_id":79,"category_id":2,"bbox":[108,170,121,69.5],"area":8409.5,"segmentation":[],"iscrowd":0},{"id":157,"image_id":79,"category_id":1,"bbox":[500,238,70,46],"area":3220,"segmentation":[],"iscrowd":0},{"id":158,"image_id":80,"category_id":2,"bbox":[62,182,279,77],"area":21483,"segmentation":[],"iscrowd":0},{"id":159,"image_id":80,"category_id":1,"bbox":[476,242,80.5,72.5],"area":5836.25,"segmentation":[],"iscrowd":0},{"id":160,"image_id":81,"category_id":2,"bbox":[166,188,336,54.5],"area":18312,"segmentation":[],"iscrowd":0},{"id":161,"image_id":81,"category_id":1,"bbox":[480,246,70.5,43],"area":3031.5,"segmentation":[],"iscrowd":0},{"id":162,"image_id":82,"category_id":2,"bbox":[68,180,412.5,58.5],"area":24131.25,"segmentation":[],"iscrowd":0},{"id":163,"image_id":82,"category_id":1,"bbox":[491,236,93.5,49],"area":4581.5,"segmentation":[],"iscrowd":0},{"id":164,"image_id":83,"category_id":2,"bbox":[108,170,121,69.5],"area":8409.5,"segmentation":[],"iscrowd":0},{"id":165,"image_id":83,"category_id":1,"bbox":[500,238,70,46],"area":3220,"segmentation":[],"iscrowd":0},{"id":166,"image_id":84,"category_id":2,"bbox":[71,184,390,82.5],"area":32175,"segmentation":[],"iscrowd":0},{"id":167,"image_id":84,"category_id":1,"bbox":[474,242,91,65.5],"area":5960.5,"segmentation":[],"iscrowd":0},{"id":168,"image_id":85,"category_id":2,"bbox":[115,180,222,69.5],"area":15429,"segmentation":[],"iscrowd":0},{"id":169,"image_id":85,"category_id":1,"bbox":[501,233,66,56.5],"area":3729,"segmentation":[],"iscrowd":0},{"id":170,"image_id":86,"category_id":2,"bbox":[127,201,256,75],"area":19200,"segmentation":[],"iscrowd":0},{"id":171,"image_id":86,"category_id":1,"bbox":[479,245,65,77],"area":5005,"segmentation":[],"iscrowd":0},{"id":172,"image_id":87,"category_id":2,"bbox":[81,195,316.5,73],"area":23104.5,"segmentation":[],"iscrowd":0},{"id":173,"image_id":87,"category_id":1,"bbox":[490,251,75,62.5],"area":4687.5,"segmentation":[],"iscrowd":0},{"id":174,"image_id":88,"category_id":2,"bbox":[126,171,240,82.5],"area":19800,"segmentation":[],"iscrowd":0},{"id":175,"image_id":88,"category_id":1,"bbox":[492,226,64,67],"area":4288,"segmentation":[],"iscrowd":0},{"id":176,"image_id":89,"category_id":2,"bbox":[88,197,303.5,63.5],"area":19272.25,"segmentation":[],"iscrowd":0},{"id":177,"image_id":89,"category_id":1,"bbox":[477,255,75,54.5],"area":4087.5,"segmentation":[],"iscrowd":0},{"id":178,"image_id":90,"category_id":2,"bbox":[97,188,434.5,60.5],"area":26287.25,"segmentation":[],"iscrowd":0},{"id":179,"image_id":90,"category_id":1,"bbox":[485,253,75,40.5],"area":3037.5,"segmentation":[],"iscrowd":0},{"id":180,"image_id":91,"category_id":2,"bbox":[321,303,179,74],"area":13246,"segmentation":[],"iscrowd":0},{"id":181,"image_id":91,"category_id":1,"bbox":[522,227,63,39],"area":2457,"segmentation":[],"iscrowd":0},{"id":182,"image_id":92,"category_id":2,"bbox":[55,190,234,60.5],"area":14157,"segmentation":[],"iscrowd":0},{"id":183,"image_id":92,"category_id":1,"bbox":[483,255,69.5,44],"area":3058,"segmentation":[],"iscrowd":0},{"id":184,"image_id":93,"category_id":2,"bbox":[41,296,109,51.5],"area":5613.5,"segmentation":[],"iscrowd":0},{"id":185,"image_id":93,"category_id":1,"bbox":[493,228,37.5,49],"area":1837.5,"segmentation":[],"iscrowd":0},{"id":186,"image_id":94,"category_id":2,"bbox":[79,183,228,85],"area":19380,"segmentation":[],"iscrowd":0},{"id":187,"image_id":94,"category_id":1,"bbox":[481,253,75,60.5],"area":4537.5,"segmentation":[],"iscrowd":0},{"id":188,"image_id":95,"category_id":2,"bbox":[121,185,269.5,70],"area":18865,"segmentation":[],"iscrowd":0},{"id":189,"image_id":95,"category_id":1,"bbox":[475,241,95,66],"area":6270,"segmentation":[],"iscrowd":0},{"id":190,"image_id":96,"category_id":2,"bbox":[90,182,329,81],"area":26649,"segmentation":[],"iscrowd":0},{"id":191,"image_id":96,"category_id":1,"bbox":[479,235,74.5,60.5],"area":4507.25,"segmentation":[],"iscrowd":0},{"id":192,"image_id":97,"category_id":2,"bbox":[158,187,448,59.5],"area":26656,"segmentation":[],"iscrowd":0},{"id":193,"image_id":97,"category_id":1,"bbox":[503,252,93,48],"area":4464,"segmentation":[],"iscrowd":0},{"id":194,"image_id":98,"category_id":2,"bbox":[103,174,257.5,69.5],"area":17896.25,"segmentation":[],"iscrowd":0},{"id":195,"image_id":98,"category_id":1,"bbox":[497,237,100,51],"area":5100,"segmentation":[],"iscrowd":0},{"id":196,"image_id":99,"category_id":2,"bbox":[110,177,157,65.5],"area":10283.5,"segmentation":[],"iscrowd":0},{"id":197,"image_id":99,"category_id":1,"bbox":[500,227,59.5,59.5],"area":3540.25,"segmentation":[],"iscrowd":0},{"id":198,"image_id":100,"category_id":2,"bbox":[69,234,263.5,54],"area":14229,"segmentation":[],"iscrowd":0},{"id":199,"image_id":100,"category_id":1,"bbox":[521,236,61.5,56],"area":3444,"segmentation":[],"iscrowd":0},{"id":200,"image_id":101,"category_id":2,"bbox":[64,185,292,55.5],"area":16206,"segmentation":[],"iscrowd":0},{"id":201,"image_id":101,"category_id":1,"bbox":[480,240,88,69],"area":6072,"segmentation":[],"iscrowd":0},{"id":202,"image_id":102,"category_id":2,"bbox":[139,187,184.5,79],"area":14575.5,"segmentation":[],"iscrowd":0},{"id":203,"image_id":102,"category_id":1,"bbox":[481,246,104.5,60.5],"area":6322.25,"segmentation":[],"iscrowd":0},{"id":204,"image_id":103,"category_id":2,"bbox":[99,191,222.5,67.5],"area":15018.75,"segmentation":[],"iscrowd":0},{"id":205,"image_id":103,"category_id":1,"bbox":[478,251,132,52],"area":6864,"segmentation":[],"iscrowd":0},{"id":206,"image_id":104,"category_id":2,"bbox":[73,180,259,73],"area":18907,"segmentation":[],"iscrowd":0},{"id":207,"image_id":104,"category_id":1,"bbox":[488,239,81,64.5],"area":5224.5,"segmentation":[],"iscrowd":0},{"id":208,"image_id":105,"category_id":2,"bbox":[66,187,298.5,68],"area":20298,"segmentation":[],"iscrowd":0},{"id":209,"image_id":105,"category_id":1,"bbox":[476,240,90,51],"area":4590,"segmentation":[],"iscrowd":0},{"id":210,"image_id":106,"category_id":2,"bbox":[63,198,284,79],"area":22436,"segmentation":[],"iscrowd":0},{"id":211,"image_id":106,"category_id":1,"bbox":[480,264,110.5,57.5],"area":6353.75,"segmentation":[],"iscrowd":0},{"id":212,"image_id":107,"category_id":2,"bbox":[118,188,343.5,69],"area":23701.5,"segmentation":[],"iscrowd":0},{"id":213,"image_id":107,"category_id":1,"bbox":[479,243,91.5,63.5],"area":5810.25,"segmentation":[],"iscrowd":0},{"id":214,"image_id":108,"category_id":2,"bbox":[70,235,412,124],"area":51088,"segmentation":[],"iscrowd":0},{"id":215,"image_id":108,"category_id":1,"bbox":[566,220,66,62.5],"area":4125,"segmentation":[],"iscrowd":0},{"id":216,"image_id":109,"category_id":2,"bbox":[113,195,425,56.5],"area":24012.5,"segmentation":[],"iscrowd":0},{"id":217,"image_id":109,"category_id":1,"bbox":[483,255,79,36.5],"area":2883.5,"segmentation":[],"iscrowd":0},{"id":218,"image_id":110,"category_id":2,"bbox":[64,200,356,62.5],"area":22250,"segmentation":[],"iscrowd":0},{"id":219,"image_id":110,"category_id":1,"bbox":[471,253,92.5,57],"area":5272.5,"segmentation":[],"iscrowd":0},{"id":220,"image_id":111,"category_id":2,"bbox":[82,174,302.5,68],"area":20570,"segmentation":[],"iscrowd":0},{"id":221,"image_id":111,"category_id":1,"bbox":[484,237,80.5,57.5],"area":4628.75,"segmentation":[],"iscrowd":0},{"id":222,"image_id":112,"category_id":2,"bbox":[118,188,343.5,69],"area":23701.5,"segmentation":[],"iscrowd":0},{"id":223,"image_id":112,"category_id":1,"bbox":[479,243,91.5,63.5],"area":5810.25,"segmentation":[],"iscrowd":0},{"id":224,"image_id":113,"category_id":2,"bbox":[59,183,236.5,55],"area":13007.5,"segmentation":[],"iscrowd":0},{"id":225,"image_id":113,"category_id":1,"bbox":[482,238,98.5,55],"area":5417.5,"segmentation":[],"iscrowd":0},{"id":226,"image_id":114,"category_id":2,"bbox":[113,182,360,79.5],"area":28620,"segmentation":[],"iscrowd":0},{"id":227,"image_id":114,"category_id":1,"bbox":[479,243,114.5,72],"area":8244,"segmentation":[],"iscrowd":0},{"id":228,"image_id":115,"category_id":2,"bbox":[64,200,356,62.5],"area":22250,"segmentation":[],"iscrowd":0},{"id":229,"image_id":115,"category_id":1,"bbox":[471,253,92.5,57],"area":5272.5,"segmentation":[],"iscrowd":0},{"id":230,"image_id":116,"category_id":2,"bbox":[124,178,261,67],"area":17487,"segmentation":[],"iscrowd":0},{"id":231,"image_id":116,"category_id":1,"bbox":[501,233,88.5,62],"area":5487,"segmentation":[],"iscrowd":0},{"id":232,"image_id":117,"category_id":2,"bbox":[99,190,160.5,67.5],"area":10833.75,"segmentation":[],"iscrowd":0},{"id":233,"image_id":117,"category_id":1,"bbox":[487,241,95,60.5],"area":5747.5,"segmentation":[],"iscrowd":0},{"id":234,"image_id":118,"category_id":2,"bbox":[111,189,247.5,85.5],"area":21161.25,"segmentation":[],"iscrowd":0},{"id":235,"image_id":118,"category_id":1,"bbox":[489,251,85.5,50],"area":4275,"segmentation":[],"iscrowd":0},{"id":236,"image_id":119,"category_id":2,"bbox":[72,185,269,83.5],"area":22461.5,"segmentation":[],"iscrowd":0},{"id":237,"image_id":119,"category_id":1,"bbox":[478,243,112,78.5],"area":8792,"segmentation":[],"iscrowd":0},{"id":238,"image_id":120,"category_id":2,"bbox":[102,187,218,88.5],"area":19293,"segmentation":[],"iscrowd":0},{"id":239,"image_id":120,"category_id":1,"bbox":[486,257,66.5,52],"area":3458,"segmentation":[],"iscrowd":0},{"id":240,"image_id":121,"category_id":2,"bbox":[80,177,390.5,69],"area":26944.5,"segmentation":[],"iscrowd":0},{"id":241,"image_id":121,"category_id":1,"bbox":[487,237,102,56.5],"area":5763,"segmentation":[],"iscrowd":0},{"id":242,"image_id":122,"category_id":2,"bbox":[74,189,255.5,50],"area":12775,"segmentation":[],"iscrowd":0},{"id":243,"image_id":122,"category_id":1,"bbox":[478,239,96.5,52],"area":5018,"segmentation":[],"iscrowd":0},{"id":244,"image_id":123,"category_id":2,"bbox":[136,181,133,61.5],"area":8179.5,"segmentation":[],"iscrowd":0},{"id":245,"image_id":123,"category_id":1,"bbox":[505,244,77,57.5],"area":4427.5,"segmentation":[],"iscrowd":0},{"id":246,"image_id":124,"category_id":2,"bbox":[62,182,279,77],"area":21483,"segmentation":[],"iscrowd":0},{"id":247,"image_id":124,"category_id":1,"bbox":[476,242,80.5,72.5],"area":5836.25,"segmentation":[],"iscrowd":0},{"id":248,"image_id":125,"category_id":2,"bbox":[93,193,255,69],"area":17595,"segmentation":[],"iscrowd":0},{"id":249,"image_id":125,"category_id":1,"bbox":[481,254,102,69],"area":7038,"segmentation":[],"iscrowd":0},{"id":250,"image_id":126,"category_id":2,"bbox":[65,283,347.5,44],"area":15290,"segmentation":[],"iscrowd":0},{"id":251,"image_id":126,"category_id":1,"bbox":[495,275,75,60],"area":4500,"segmentation":[],"iscrowd":0},{"id":252,"image_id":127,"category_id":2,"bbox":[290,326,158,66.5],"area":10507,"segmentation":[],"iscrowd":0},{"id":253,"image_id":127,"category_id":1,"bbox":[531,256,53.5,60.5],"area":3236.75,"segmentation":[],"iscrowd":0},{"id":254,"image_id":128,"category_id":2,"bbox":[89,182,285,85],"area":24225,"segmentation":[],"iscrowd":0},{"id":255,"image_id":128,"category_id":1,"bbox":[473,247,75,66.5],"area":4987.5,"segmentation":[],"iscrowd":0},{"id":256,"image_id":129,"category_id":2,"bbox":[113,182,360,79.5],"area":28620,"segmentation":[],"iscrowd":0},{"id":257,"image_id":129,"category_id":1,"bbox":[479,243,114.5,72],"area":8244,"segmentation":[],"iscrowd":0},{"id":258,"image_id":130,"category_id":2,"bbox":[133,181,387.5,58],"area":22475,"segmentation":[],"iscrowd":0},{"id":259,"image_id":130,"category_id":1,"bbox":[498,243,99,49],"area":4851,"segmentation":[],"iscrowd":0},{"id":260,"image_id":131,"category_id":2,"bbox":[116,176,317.5,65.5],"area":20796.25,"segmentation":[],"iscrowd":0},{"id":261,"image_id":131,"category_id":1,"bbox":[500,241,76.5,50],"area":3825,"segmentation":[],"iscrowd":0},{"id":262,"image_id":132,"category_id":2,"bbox":[80,177,390.5,69],"area":26944.5,"segmentation":[],"iscrowd":0},{"id":263,"image_id":132,"category_id":1,"bbox":[487,237,102,56.5],"area":5763,"segmentation":[],"iscrowd":0},{"id":264,"image_id":133,"category_id":2,"bbox":[123,185,213.5,60.5],"area":12916.75,"segmentation":[],"iscrowd":0},{"id":265,"image_id":133,"category_id":1,"bbox":[480,236,103,67],"area":6901,"segmentation":[],"iscrowd":0},{"id":266,"image_id":134,"category_id":2,"bbox":[102,187,218,88.5],"area":19293,"segmentation":[],"iscrowd":0},{"id":267,"image_id":134,"category_id":1,"bbox":[486,257,66.5,52],"area":3458,"segmentation":[],"iscrowd":0},{"id":268,"image_id":135,"category_id":2,"bbox":[123,185,213.5,60.5],"area":12916.75,"segmentation":[],"iscrowd":0},{"id":269,"image_id":135,"category_id":1,"bbox":[480,236,103,67],"area":6901,"segmentation":[],"iscrowd":0},{"id":270,"image_id":136,"category_id":2,"bbox":[90,182,329,81],"area":26649,"segmentation":[],"iscrowd":0},{"id":271,"image_id":136,"category_id":1,"bbox":[479,235,74.5,60.5],"area":4507.25,"segmentation":[],"iscrowd":0},{"id":272,"image_id":137,"category_id":2,"bbox":[126,171,240,82.5],"area":19800,"segmentation":[],"iscrowd":0},{"id":273,"image_id":137,"category_id":1,"bbox":[492,226,64,67],"area":4288,"segmentation":[],"iscrowd":0},{"id":274,"image_id":138,"category_id":2,"bbox":[129,180,429.5,58],"area":24911,"segmentation":[],"iscrowd":0},{"id":275,"image_id":138,"category_id":1,"bbox":[505,242,95,50],"area":4750,"segmentation":[],"iscrowd":0},{"id":276,"image_id":139,"category_id":2,"bbox":[73,175,357,81.5],"area":29095.5,"segmentation":[],"iscrowd":0},{"id":277,"image_id":139,"category_id":1,"bbox":[482,246,98,61.5],"area":6027,"segmentation":[],"iscrowd":0},{"id":278,"image_id":140,"category_id":2,"bbox":[54,179,398,72],"area":28656,"segmentation":[],"iscrowd":0},{"id":279,"image_id":140,"category_id":1,"bbox":[480,244,80.5,49.5],"area":3984.75,"segmentation":[],"iscrowd":0},{"id":280,"image_id":141,"category_id":2,"bbox":[103,192,238.5,62.5],"area":14906.25,"segmentation":[],"iscrowd":0},{"id":281,"image_id":141,"category_id":1,"bbox":[477,250,109,45],"area":4905,"segmentation":[],"iscrowd":0},{"id":282,"image_id":142,"category_id":2,"bbox":[94,190,359.5,72],"area":25884,"segmentation":[],"iscrowd":0},{"id":283,"image_id":142,"category_id":1,"bbox":[473,241,88.5,76],"area":6726,"segmentation":[],"iscrowd":0},{"id":284,"image_id":143,"category_id":2,"bbox":[52,186,333,63.5],"area":21145.5,"segmentation":[],"iscrowd":0},{"id":285,"image_id":143,"category_id":1,"bbox":[472,248,93.5,55],"area":5142.5,"segmentation":[],"iscrowd":0},{"id":286,"image_id":144,"category_id":2,"bbox":[79,183,228,85],"area":19380,"segmentation":[],"iscrowd":0},{"id":287,"image_id":144,"category_id":1,"bbox":[481,253,75,60.5],"area":4537.5,"segmentation":[],"iscrowd":0}]}