{"info":{"year":"2023","version":"5","description":"Exported from roboflow.ai","contributor":"","url":"https://public.roboflow.ai/object-detection/undefined","date_created":"2023-07-31T04:01:54+00:00"},"licenses":[{"id":1,"url":"https://creativecommons.org/licenses/by/4.0/","name":"CC BY 4.0"}],"categories":[{"id":0,"name":"Words","supercategory":"none"},{"id":1,"name":"CAR","supercategory":"Words"},{"id":2,"name":"Date","supercategory":"Words"},{"id":3,"name":"Lar","supercategory":"Words"},{"id":4,"name":"MICR","supercategory":"Words"},{"id":5,"name":"Payee","supercategory":"Words"},{"id":6,"name":"check_no","supercategory":"Words"}],"images":[{"id":0,"license":1,"file_name":"X_065_jpeg.rf.0bc623558c79f860dcfe89a5dee770f5.jpg","height":640,"width":1280,"date_captured":"2023-07-31T04:01:54+00:00"},{"id":1,"license":1,"file_name":"X_058_jpeg.rf.0704d2f5a72d1d4549abf9c4faaf5ec6.jpg","height":640,"width":1280,"date_captured":"2023-07-31T04:01:54+00:00"},{"id":2,"license":1,"file_name":"X_088_jpeg.rf.08fe6c1fa600074277c0e6543a698913.jpg","height":640,"width":1280,"date_captured":"2023-07-31T04:01:54+00:00"},{"id":3,"license":1,"file_name":"X_141_jpeg.rf.040f1840688018211448f0b53cc38517.jpg","height":640,"width":1280,"date_captured":"2023-07-31T04:01:54+00:00"},{"id":4,"license":1,"file_name":"X_114_jpeg.rf.096a8c65ddf69f403b19b891bf1cdf2c.jpg","height":640,"width":1280,"date_captured":"2023-07-31T04:01:54+00:00"},{"id":5,"license":1,"file_name":"X_043_jpeg.rf.3338d3651fc7f0d7b49a809afb49e67c.jpg","height":640,"width":1280,"date_captured":"2023-07-31T04:01:54+00:00"},{"id":6,"license":1,"file_name":"X_020_jpeg.rf.2613a75452a049f679e90b6f5f47ed48.jpg","height":640,"width":1280,"date_captured":"2023-07-31T04:01:54+00:00"},{"id":7,"license":1,"file_name":"X_106_jpeg.rf.19ce36a9f22391555affa41f2f56f87a.jpg","height":640,"width":1280,"date_captured":"2023-07-31T04:01:54+00:00"},{"id":8,"license":1,"file_name":"X_145_jpeg.rf.1299c4cd6d21fa5d7f58061301940ec3.jpg","height":640,"width":1280,"date_captured":"2023-07-31T04:01:54+00:00"},{"id":9,"license":1,"file_name":"X_002_jpeg.rf.17633281fbcbf05d52423627220db079.jpg","height":640,"width":1280,"date_captured":"2023-07-31T04:01:54+00:00"},{"id":10,"license":1,"file_name":"X_019_jpeg.rf.2d07d32d42202960ac4b5ed01e79e625.jpg","height":640,"width":1280,"date_captured":"2023-07-31T04:01:54+00:00"},{"id":11,"license":1,"file_name":"X_134_jpeg.rf.13db84a0712667ba5a4ffb4054134f37.jpg","height":640,"width":1280,"date_captured":"2023-07-31T04:01:54+00:00"},{"id":12,"license":1,"file_name":"X_016_jpeg.rf.2fc234f75a4e3079733009fa593fe43f.jpg","height":640,"width":1280,"date_captured":"2023-07-31T04:01:54+00:00"},{"id":13,"license":1,"file_name":"X_154_jpeg.rf.33787c9400a9b122f7d334062ba12006.jpg","height":640,"width":1280,"date_captured":"2023-07-31T04:01:54+00:00"},{"id":14,"license":1,"file_name":"X_158_jpeg.rf.3988b2cc4fe8666d3c86ccafede36ad7.jpg","height":640,"width":1280,"date_captured":"2023-07-31T04:01:54+00:00"},{"id":15,"license":1,"file_name":"X_130_jpeg.rf.2b97d64be7252fc46a8f298068d746d6.jpg","height":640,"width":1280,"date_captured":"2023-07-31T04:01:54+00:00"},{"id":16,"license":1,"file_name":"X_057_jpeg.rf.2578e1e2a90a83b115cc6461ca68e26d.jpg","height":640,"width":1280,"date_captured":"2023-07-31T04:01:54+00:00"},{"id":17,"license":1,"file_name":"X_149_jpeg.rf.496dff9dd6a122026a040707851f8791.jpg","height":640,"width":1280,"date_captured":"2023-07-31T04:01:54+00:00"},{"id":18,"license":1,"file_name":"X_133_jpeg.rf.4a17a671cf61fca11b9ccb8f356c919b.jpg","height":640,"width":1280,"date_captured":"2023-07-31T04:01:54+00:00"},{"id":19,"license":1,"file_name":"X_083_jpeg.rf.3ebd7ad25035cdaa03a25469e5cda580.jpg","height":640,"width":1280,"date_captured":"2023-07-31T04:01:54+00:00"},{"id":20,"license":1,"file_name":"X_027_jpeg.rf.3951bc9eb36ff82fe1fa3e5921ffd99b.jpg","height":640,"width":1280,"date_captured":"2023-07-31T04:01:54+00:00"},{"id":21,"license":1,"file_name":"X_097_jpeg.rf.5371557c4328795b2b356f75db33df67.jpg","height":640,"width":1280,"date_captured":"2023-07-31T04:01:54+00:00"},{"id":22,"license":1,"file_name":"X_137_jpeg.rf.51ef445ea67662500f6212d5910cdfb1.jpg","height":640,"width":1280,"date_captured":"2023-07-31T04:01:54+00:00"},{"id":23,"license":1,"file_name":"X_049_jpeg.rf.34590a7d7ac9fa41da0dcbc38938926f.jpg","height":640,"width":1280,"date_captured":"2023-07-31T04:01:54+00:00"},{"id":24,"license":1,"file_name":"X_089_jpeg.rf.41f711c4c3f0f13c8f10211b5332c707.jpg","height":640,"width":1280,"date_captured":"2023-07-31T04:01:54+00:00"},{"id":25,"license":1,"file_name":"X_060_jpeg.rf.5bd4b0337419ac7db97df49ee5562fad.jpg","height":640,"width":1280,"date_captured":"2023-07-31T04:01:54+00:00"},{"id":26,"license":1,"file_name":"X_082_jpeg.rf.5be1c22b7fc4768a281b95dcfa4a968c.jpg","height":640,"width":1280,"date_captured":"2023-07-31T04:01:54+00:00"},{"id":27,"license":1,"file_name":"X_126_jpeg.rf.6237541f166c571a6a191ccff51096e1.jpg","height":640,"width":1280,"date_captured":"2023-07-31T04:01:54+00:00"},{"id":28,"license":1,"file_name":"X_151_jpeg.rf.47eefdfe3a83c135d7a3511c739945c7.jpg","height":640,"width":1280,"date_captured":"2023-07-31T04:01:54+00:00"},{"id":29,"license":1,"file_name":"X_046_jpeg.rf.50e57ec963f082baff1ccebb88f9b5a1.jpg","height":640,"width":1280,"date_captured":"2023-07-31T04:01:54+00:00"},{"id":30,"license":1,"file_name":"X_128_jpeg.rf.595264c7486af0dc2c75621aedc09940.jpg","height":640,"width":1280,"date_captured":"2023-07-31T04:01:54+00:00"},{"id":31,"license":1,"file_name":"X_153_jpeg.rf.42d3b573af6d5394ac87afd0b2cb447b.jpg","height":640,"width":1280,"date_captured":"2023-07-31T04:01:54+00:00"},{"id":32,"license":1,"file_name":"X_107_jpeg.rf.5d92f0d7a280eb85e3cb6933d5cd5d1b.jpg","height":640,"width":1280,"date_captured":"2023-07-31T04:01:54+00:00"},{"id":33,"license":1,"file_name":"X_100_jpeg.rf.644fd8810fc54e40f3124caa6ede98af.jpg","height":640,"width":1280,"date_captured":"2023-07-31T04:01:54+00:00"},{"id":34,"license":1,"file_name":"X_155_jpeg.rf.63be9447e3590a2ab96a8909b2d5c3e2.jpg","height":640,"width":1280,"date_captured":"2023-07-31T04:01:54+00:00"},{"id":35,"license":1,"file_name":"X_146_jpeg.rf.505478d15eb90b543757d945df342e56.jpg","height":640,"width":1280,"date_captured":"2023-07-31T04:01:54+00:00"},{"id":36,"license":1,"file_name":"X_062_jpeg.rf.619fb199fe0f6050c8fc94afa0dcac67.jpg","height":640,"width":1280,"date_captured":"2023-07-31T04:01:54+00:00"},{"id":37,"license":1,"file_name":"X_054_jpeg.rf.39d57a6f98e13b1075893ecc759e9a85.jpg","height":640,"width":1280,"date_captured":"2023-07-31T04:01:54+00:00"},{"id":38,"license":1,"file_name":"X_053_jpeg.rf.64c8d4405efaba3146d5ee5e15831157.jpg","height":640,"width":1280,"date_captured":"2023-07-31T04:01:54+00:00"},{"id":39,"license":1,"file_name":"X_117_jpeg.rf.5efe29cc633487d763125e4b70e67aeb.jpg","height":640,"width":1280,"date_captured":"2023-07-31T04:01:54+00:00"},{"id":40,"license":1,"file_name":"X_091_jpeg.rf.674729c00cabd7f71b24cc736343c165.jpg","height":640,"width":1280,"date_captured":"2023-07-31T04:01:54+00:00"},{"id":41,"license":1,"file_name":"X_124_jpeg.rf.30610be7cc577c3520ca367681d68472.jpg","height":640,"width":1280,"date_captured":"2023-07-31T04:01:54+00:00"},{"id":42,"license":1,"file_name":"X_102_jpeg.rf.68b0509893735bd6cf555f6d680b3557.jpg","height":640,"width":1280,"date_captured":"2023-07-31T04:01:54+00:00"},{"id":43,"license":1,"file_name":"X_136_jpeg.rf.6a5f77d70b47645358d4882dc1402ec1.jpg","height":640,"width":1280,"date_captured":"2023-07-31T04:01:54+00:00"},{"id":44,"license":1,"file_name":"X_093_jpeg.rf.65029f8429588d9b72066a2223b33c8e.jpg","height":640,"width":1280,"date_captured":"2023-07-31T04:01:54+00:00"},{"id":45,"license":1,"file_name":"X_013_jpeg.rf.67b117f653fe705b8e6a16d6a84acfb7.jpg","height":640,"width":1280,"date_captured":"2023-07-31T04:01:54+00:00"},{"id":46,"license":1,"file_name":"X_072_jpeg.rf.68febaf1ebda18a0b4d0b247e09d1ce2.jpg","height":640,"width":1280,"date_captured":"2023-07-31T04:01:54+00:00"},{"id":47,"license":1,"file_name":"X_022_jpeg.rf.6c13010c91b5b314bd21d64376c3fc68.jpg","height":640,"width":1280,"date_captured":"2023-07-31T04:01:54+00:00"},{"id":48,"license":1,"file_name":"X_003_jpeg.rf.6f1353a670ddbe39d607f6a896c22133.jpg","height":640,"width":1280,"date_captured":"2023-07-31T04:01:54+00:00"},{"id":49,"license":1,"file_name":"X_074_jpeg.rf.77a22b08c2220e17b66740e4b073f672.jpg","height":640,"width":1280,"date_captured":"2023-07-31T04:01:54+00:00"},{"id":50,"license":1,"file_name":"X_118_jpeg.rf.84b8ac071101a9b954a0c27e44ef8a81.jpg","height":640,"width":1280,"date_captured":"2023-07-31T04:01:54+00:00"},{"id":51,"license":1,"file_name":"X_066_jpeg.rf.78e0cdacf705c3524211b7caa25d73ff.jpg","height":640,"width":1280,"date_captured":"2023-07-31T04:01:54+00:00"},{"id":52,"license":1,"file_name":"X_113_jpeg.rf.6ba6f24a30654aec9d00490ed15ec50a.jpg","height":640,"width":1280,"date_captured":"2023-07-31T04:01:54+00:00"},{"id":53,"license":1,"file_name":"X_068_jpeg.rf.6ef239d2d553f45b0632865b1b657432.jpg","height":640,"width":1280,"date_captured":"2023-07-31T04:01:54+00:00"},{"id":54,"license":1,"file_name":"X_139_jpeg.rf.6c3f40c010b56755511836ef45cf7872.jpg","height":640,"width":1280,"date_captured":"2023-07-31T04:01:54+00:00"},{"id":55,"license":1,"file_name":"X_084_jpeg.rf.720bbd2a562f6bdd13d4e1134ed54434.jpg","height":640,"width":1280,"date_captured":"2023-07-31T04:01:54+00:00"},{"id":56,"license":1,"file_name":"X_035_jpeg.rf.8b9b771ea84bc376744f56fe9fae6a23.jpg","height":640,"width":1280,"date_captured":"2023-07-31T04:01:54+00:00"},{"id":57,"license":1,"file_name":"X_140_jpeg.rf.862dc451547e7dd38b76ef59da064222.jpg","height":640,"width":1280,"date_captured":"2023-07-31T04:01:54+00:00"},{"id":58,"license":1,"file_name":"X_085_jpeg.rf.847b6a6777f00aff0d147b9a21d62424.jpg","height":640,"width":1280,"date_captured":"2023-07-31T04:01:54+00:00"},{"id":59,"license":1,"file_name":"X_122_jpeg.rf.7ace4d397a46d5642464de040d2758a7.jpg","height":640,"width":1280,"date_captured":"2023-07-31T04:01:54+00:00"},{"id":60,"license":1,"file_name":"X_036_jpeg.rf.8855e228e358a9850dc93bd055d52355.jpg","height":640,"width":1280,"date_captured":"2023-07-31T04:01:54+00:00"},{"id":61,"license":1,"file_name":"X_071_jpeg.rf.921adf217a1bc935ce392415620c314a.jpg","height":640,"width":1280,"date_captured":"2023-07-31T04:01:54+00:00"},{"id":62,"license":1,"file_name":"X_050_jpeg.rf.9236ab17c46af80125f37fdb2fd29e6b.jpg","height":640,"width":1280,"date_captured":"2023-07-31T04:01:54+00:00"},{"id":63,"license":1,"file_name":"X_156_jpeg.rf.7f702271d2e44657bb80ac3cb661f8cf.jpg","height":640,"width":1280,"date_captured":"2023-07-31T04:01:54+00:00"},{"id":64,"license":1,"file_name":"X_008_jpeg.rf.95b1351975cfc30d33e4994cb05d8986.jpg","height":640,"width":1280,"date_captured":"2023-07-31T04:01:54+00:00"},{"id":65,"license":1,"file_name":"X_147_jpeg.rf.79752d0eae5877671d70dc6f72c27047.jpg","height":640,"width":1280,"date_captured":"2023-07-31T04:01:54+00:00"},{"id":66,"license":1,"file_name":"X_061_jpeg.rf.975daba97447a1aabaa49ba17cb5de15.jpg","height":640,"width":1280,"date_captured":"2023-07-31T04:01:54+00:00"},{"id":67,"license":1,"file_name":"X_051_jpeg.rf.84af96f81b8e301bafe4c8b8b0c74a79.jpg","height":640,"width":1280,"date_captured":"2023-07-31T04:01:54+00:00"},{"id":68,"license":1,"file_name":"X_120_jpeg.rf.9c15f6cee451fb99f379335071cbc50f.jpg","height":640,"width":1280,"date_captured":"2023-07-31T04:01:54+00:00"},{"id":69,"license":1,"file_name":"X_047_jpeg.rf.94aa2f0593570b5078820c7f02f0658f.jpg","height":640,"width":1280,"date_captured":"2023-07-31T04:01:54+00:00"},{"id":70,"license":1,"file_name":"X_010_jpeg.rf.96dda72d9a20ec844201a105620677ab.jpg","height":640,"width":1280,"date_captured":"2023-07-31T04:01:54+00:00"},{"id":71,"license":1,"file_name":"X_161_jpeg.rf.abca6b5c288133a1dd1049507c41f51e.jpg","height":640,"width":1280,"date_captured":"2023-07-31T04:01:54+00:00"},{"id":72,"license":1,"file_name":"X_075_jpeg.rf.9ae7dd5746a3467b16c91e37a9a0ba64.jpg","height":640,"width":1280,"date_captured":"2023-07-31T04:01:54+00:00"},{"id":73,"license":1,"file_name":"X_121_jpeg.rf.ad3bc849ec091a961dfffda3cd6ca4b2.jpg","height":640,"width":1280,"date_captured":"2023-07-31T04:01:54+00:00"},{"id":74,"license":1,"file_name":"X_087_jpeg.rf.9c96e79a94040d251ce6de25ef055fad.jpg","height":640,"width":1280,"date_captured":"2023-07-31T04:01:54+00:00"},{"id":75,"license":1,"file_name":"X_017_jpeg.rf.9c7c03a76f1d39ad31740ec9c5d41b4f.jpg","height":640,"width":1280,"date_captured":"2023-07-31T04:01:54+00:00"},{"id":76,"license":1,"file_name":"X_132_jpeg.rf.ba5c59490013b6bea5b6ef93019b34a8.jpg","height":640,"width":1280,"date_captured":"2023-07-31T04:01:54+00:00"},{"id":77,"license":1,"file_name":"X_152_jpeg.rf.b8e575c0b97daeda42612501a71201d8.jpg","height":640,"width":1280,"date_captured":"2023-07-31T04:01:54+00:00"},{"id":78,"license":1,"file_name":"X_070_jpeg.rf.9921cbd38fd194fe4545e1d5b757c213.jpg","height":640,"width":1280,"date_captured":"2023-07-31T04:01:54+00:00"},{"id":79,"license":1,"file_name":"X_148_jpeg.rf.b4d7d3f09a4c6409d8202860a0f8a933.jpg","height":640,"width":1280,"date_captured":"2023-07-31T04:01:54+00:00"},{"id":80,"license":1,"file_name":"X_028_jpeg.rf.a13d4234abf64329c3182d837f7cb4dd.jpg","height":640,"width":1280,"date_captured":"2023-07-31T04:01:54+00:00"},{"id":81,"license":1,"file_name":"X_045_jpeg.rf.822f347c0db672c4da01a8bac9f9f6d5.jpg","height":640,"width":1280,"date_captured":"2023-07-31T04:01:54+00:00"},{"id":82,"license":1,"file_name":"X_110_jpeg.rf.bb1102d1e5fc7b520a36671959c502a7.jpg","height":640,"width":1280,"date_captured":"2023-07-31T04:01:54+00:00"},{"id":83,"license":1,"file_name":"X_077_jpeg.rf.c254ce824802d1d8dc556830b388ccca.jpg","height":640,"width":1280,"date_captured":"2023-07-31T04:01:54+00:00"},{"id":84,"license":1,"file_name":"X_129_jpeg.rf.ba2265a218461084b65728d6bf41f60f.jpg","height":640,"width":1280,"date_captured":"2023-07-31T04:01:54+00:00"},{"id":85,"license":1,"file_name":"X_004_jpeg.rf.af5ecef067b3c07d2bde4d9e66c9b4b5.jpg","height":640,"width":1280,"date_captured":"2023-07-31T04:01:54+00:00"},{"id":86,"license":1,"file_name":"X_111_jpeg.rf.9d2119caaa8855b2f7c059d020b95753.jpg","height":640,"width":1280,"date_captured":"2023-07-31T04:01:54+00:00"},{"id":87,"license":1,"file_name":"X_101_jpeg.rf.b52107fab46e88a9377c711294a6e6ac.jpg","height":640,"width":1280,"date_captured":"2023-07-31T04:01:54+00:00"},{"id":88,"license":1,"file_name":"X_012_jpeg.rf.b5481f44394021025be2d658bf234409.jpg","height":640,"width":1280,"date_captured":"2023-07-31T04:01:54+00:00"},{"id":89,"license":1,"file_name":"X_127_jpeg.rf.cbdcfb9a3b85741eb835c79eb910797a.jpg","height":640,"width":1280,"date_captured":"2023-07-31T04:01:54+00:00"},{"id":90,"license":1,"file_name":"X_026_jpeg.rf.ba0e6f43a05e1788f29712a253a234cb.jpg","height":640,"width":1280,"date_captured":"2023-07-31T04:01:54+00:00"},{"id":91,"license":1,"file_name":"X_159_jpeg.rf.cebd70c5dce9794d44ec8c6b89e28b18.jpg","height":640,"width":1280,"date_captured":"2023-07-31T04:01:54+00:00"},{"id":92,"license":1,"file_name":"X_125_jpeg.rf.deaa5280d40789a1d97a1465c83186a0.jpg","height":640,"width":1280,"date_captured":"2023-07-31T04:01:54+00:00"},{"id":93,"license":1,"file_name":"X_063_jpeg.rf.d2071996f02444bbc36ff4b703132d11.jpg","height":640,"width":1280,"date_captured":"2023-07-31T04:01:54+00:00"},{"id":94,"license":1,"file_name":"X_000_jpeg.rf.d12e659448e79e224051193ae5ff0d33.jpg","height":640,"width":1280,"date_captured":"2023-07-31T04:01:54+00:00"},{"id":95,"license":1,"file_name":"X_123_jpeg.rf.e4a561864307a2ab31c95c60f0294206.jpg","height":640,"width":1280,"date_captured":"2023-07-31T04:01:54+00:00"},{"id":96,"license":1,"file_name":"X_048_jpeg.rf.d90e066a5559e22d85fa13559e6d1406.jpg","height":640,"width":1280,"date_captured":"2023-07-31T04:01:54+00:00"},{"id":97,"license":1,"file_name":"X_142_jpeg.rf.e0015f85cbea51091e784e3f8973d384.jpg","height":640,"width":1280,"date_captured":"2023-07-31T04:01:54+00:00"},{"id":98,"license":1,"file_name":"X_095_jpeg.rf.dadf5877a7af8973079461803027c23f.jpg","height":640,"width":1280,"date_captured":"2023-07-31T04:01:54+00:00"},{"id":99,"license":1,"file_name":"X_108_jpeg.rf.fad641ffffd315bb709565a067dc47fc.jpg","height":640,"width":1280,"date_captured":"2023-07-31T04:01:54+00:00"},{"id":100,"license":1,"file_name":"X_029_jpeg.rf.e832ffb492a551c58986dfb24ac701a8.jpg","height":640,"width":1280,"date_captured":"2023-07-31T04:01:54+00:00"},{"id":101,"license":1,"file_name":"X_103_jpeg.rf.d3e50b5710774d207769212727c7fd94.jpg","height":640,"width":1280,"date_captured":"2023-07-31T04:01:54+00:00"},{"id":102,"license":1,"file_name":"X_094_jpeg.rf.d71de89b7c27c0addebf39c9cc701bc0.jpg","height":640,"width":1280,"date_captured":"2023-07-31T04:01:54+00:00"},{"id":103,"license":1,"file_name":"X_041_jpeg.rf.e0d1f88c27f3697a0259fb479f5708e8.jpg","height":640,"width":1280,"date_captured":"2023-07-31T04:01:54+00:00"},{"id":104,"license":1,"file_name":"X_005_jpeg.rf.ea262d653087e24235fb5703a76238fe.jpg","height":640,"width":1280,"date_captured":"2023-07-31T04:01:54+00:00"},{"id":105,"license":1,"file_name":"X_131_jpeg.rf.d2ccd7c7428817a4c2fe7a56f2760e2d.jpg","height":640,"width":1280,"date_captured":"2023-07-31T04:01:54+00:00"},{"id":106,"license":1,"file_name":"X_032_jpeg.rf.ed04b762d7410da65e5f5c83cbde3199.jpg","height":640,"width":1280,"date_captured":"2023-07-31T04:01:54+00:00"},{"id":107,"license":1,"file_name":"Trustmark-Bank_jpeg.rf.e5c808e40cfbeaad6491710cc7280356.jpg","height":640,"width":1280,"date_captured":"2023-07-31T04:01:54+00:00"},{"id":108,"license":1,"file_name":"X_138_jpeg.rf.fd0ed565a7e21dfc1e63e004b339f765.jpg","height":640,"width":1280,"date_captured":"2023-07-31T04:01:54+00:00"},{"id":109,"license":1,"file_name":"X_163_jpeg.rf.f6f7cfc2b9b2d73d7f1fa23cca63ed18.jpg","height":640,"width":1280,"date_captured":"2023-07-31T04:01:54+00:00"},{"id":110,"license":1,"file_name":"X_040_jpeg.rf.f6bdea6b13da42ab099b0d8b294d0a22.jpg","height":640,"width":1280,"date_captured":"2023-07-31T04:01:54+00:00"},{"id":111,"license":1,"file_name":"Bank-of-America-Banking-Credit-Cards-Loans-and-Merrill-Investing_png.rf.f346b357f7be060dabbbc0c85035c455.jpg","height":640,"width":1280,"date_captured":"2023-07-31T04:01:54+00:00"},{"id":112,"license":1,"file_name":"X_006_jpeg.rf.fd968a28bdc2dacaf3637823c110cc26.jpg","height":640,"width":1280,"date_captured":"2023-07-31T04:01:54+00:00"},{"id":113,"license":1,"file_name":"X_073_jpeg.rf.fa9b4c2a0f516b25ef4c38e29c8f21d5.jpg","height":640,"width":1280,"date_captured":"2023-07-31T04:01:54+00:00"}],"annotations":[{"id":0,"image_id":0,"category_id":3,"bbox":[253,179,785,65.5],"area":51417.5,"segmentation":[],"iscrowd":0},{"id":1,"image_id":0,"category_id":1,"bbox":[1016,250,186.5,43.5],"area":8112.75,"segmentation":[],"iscrowd":0},{"id":2,"image_id":1,"category_id":3,"bbox":[215,170,242,69.5],"area":16819,"segmentation":[],"iscrowd":0},{"id":3,"image_id":1,"category_id":1,"bbox":[1000,238,140,46],"area":6440,"segmentation":[],"iscrowd":0},{"id":4,"image_id":1,"category_id":5,"bbox":[388,122,485.5,64.5],"area":31314.75,"segmentation":[],"iscrowd":0},{"id":5,"image_id":1,"category_id":4,"bbox":[308,565,640,45],"area":28800,"segmentation":[],"iscrowd":0},{"id":6,"image_id":1,"category_id":2,"bbox":[955,48,287.5,41],"area":11787.5,"segmentation":[],"iscrowd":0},{"id":7,"image_id":2,"category_id":3,"bbox":[164,174,605,68],"area":41140,"segmentation":[],"iscrowd":0},{"id":8,"image_id":2,"category_id":1,"bbox":[969,237,161,57.5],"area":9257.5,"segmentation":[],"iscrowd":0},{"id":9,"image_id":2,"category_id":5,"bbox":[419,110,398,64.5],"area":25671,"segmentation":[],"iscrowd":0},{"id":10,"image_id":2,"category_id":4,"bbox":[316,551,629.5,57.5],"area":36196.25,"segmentation":[],"iscrowd":0},{"id":11,"image_id":2,"category_id":2,"bbox":[978,41,253.5,42],"area":10647,"segmentation":[],"iscrowd":0},{"id":12,"image_id":3,"category_id":3,"bbox":[168,182,514.5,74],"area":38073,"segmentation":[],"iscrowd":0},{"id":13,"image_id":3,"category_id":1,"bbox":[945,239,225,61.5],"area":13837.5,"segmentation":[],"iscrowd":0},{"id":14,"image_id":4,"category_id":3,"bbox":[176,197,606.5,63.5],"area":38512.75,"segmentation":[],"iscrowd":0},{"id":15,"image_id":4,"category_id":1,"bbox":[954,255,149.5,54.5],"area":8147.75,"segmentation":[],"iscrowd":0},{"id":16,"image_id":4,"category_id":5,"bbox":[254,134,533.5,70],"area":37345,"segmentation":[],"iscrowd":0},{"id":17,"image_id":4,"category_id":2,"bbox":[974,60,262,44],"area":11528,"segmentation":[],"iscrowd":0},{"id":18,"image_id":4,"category_id":4,"bbox":[300,569,648.5,53],"area":34370.5,"segmentation":[],"iscrowd":0},{"id":19,"image_id":5,"category_id":3,"bbox":[139,234,526.5,54],"area":28431,"segmentation":[],"iscrowd":0},{"id":20,"image_id":5,"category_id":1,"bbox":[1043,236,123,56],"area":6888,"segmentation":[],"iscrowd":0},{"id":21,"image_id":5,"category_id":5,"bbox":[74,173,718,58],"area":41644,"segmentation":[],"iscrowd":0},{"id":22,"image_id":5,"category_id":2,"bbox":[966,79,295,75.5],"area":22272.5,"segmentation":[],"iscrowd":0},{"id":23,"image_id":5,"category_id":6,"bbox":[1040,8,172.5,47],"area":8107.5,"segmentation":[],"iscrowd":0},{"id":24,"image_id":5,"category_id":4,"bbox":[17,544,1033.5,74.5],"area":76995.75,"segmentation":[],"iscrowd":0},{"id":25,"image_id":6,"category_id":3,"bbox":[225,246,650.5,34.5],"area":22442.25,"segmentation":[],"iscrowd":0},{"id":26,"image_id":6,"category_id":3,"bbox":[93,295,284,34],"area":9656,"segmentation":[],"iscrowd":0},{"id":27,"image_id":6,"category_id":1,"bbox":[1017,296,158,37.5],"area":5925,"segmentation":[],"iscrowd":0},{"id":28,"image_id":6,"category_id":5,"bbox":[128,185,304,45],"area":13680,"segmentation":[],"iscrowd":0},{"id":29,"image_id":6,"category_id":4,"bbox":[160,541,737,61],"area":44957,"segmentation":[],"iscrowd":0},{"id":30,"image_id":6,"category_id":2,"bbox":[1030,196,181,32],"area":5792,"segmentation":[],"iscrowd":0},{"id":31,"image_id":6,"category_id":6,"bbox":[576,16,187.5,45],"area":8437.5,"segmentation":[],"iscrowd":0},{"id":32,"image_id":7,"category_id":3,"bbox":[206,195,748.5,60.5],"area":45284.25,"segmentation":[],"iscrowd":0},{"id":33,"image_id":7,"category_id":1,"bbox":[988,251,142,64.5],"area":9159,"segmentation":[],"iscrowd":0},{"id":34,"image_id":8,"category_id":3,"bbox":[244,188,578,62.5],"area":36125,"segmentation":[],"iscrowd":0},{"id":35,"image_id":8,"category_id":1,"bbox":[973,240,194.5,59.5],"area":11572.75,"segmentation":[],"iscrowd":0},{"id":36,"image_id":8,"category_id":5,"bbox":[381,114,500,78.5],"area":39250,"segmentation":[],"iscrowd":0},{"id":37,"image_id":8,"category_id":4,"bbox":[300,556,632.5,54.5],"area":34471.25,"segmentation":[],"iscrowd":0},{"id":38,"image_id":8,"category_id":2,"bbox":[973,47,260,40.5],"area":10530,"segmentation":[],"iscrowd":0},{"id":39,"image_id":9,"category_id":3,"bbox":[642,303,358,74],"area":26492,"segmentation":[],"iscrowd":0},{"id":40,"image_id":9,"category_id":1,"bbox":[1043,227,125.5,39],"area":4894.5,"segmentation":[],"iscrowd":0},{"id":41,"image_id":9,"category_id":2,"bbox":[843,157,205,46.5],"area":9532.5,"segmentation":[],"iscrowd":0},{"id":42,"image_id":9,"category_id":6,"bbox":[1094,57,153.5,48],"area":7368,"segmentation":[],"iscrowd":0},{"id":43,"image_id":9,"category_id":4,"bbox":[171,524,689.5,62],"area":42749,"segmentation":[],"iscrowd":0},{"id":44,"image_id":10,"category_id":3,"bbox":[81,299,878,60.5],"area":53119,"segmentation":[],"iscrowd":0},{"id":45,"image_id":10,"category_id":1,"bbox":[1001,244,139,48],"area":6672,"segmentation":[],"iscrowd":0},{"id":46,"image_id":10,"category_id":5,"bbox":[305,210,615,86],"area":52890,"segmentation":[],"iscrowd":0},{"id":47,"image_id":10,"category_id":2,"bbox":[816,141,217,79],"area":17143,"segmentation":[],"iscrowd":0},{"id":48,"image_id":10,"category_id":6,"bbox":[1105,73,124,59.5],"area":7378,"segmentation":[],"iscrowd":0},{"id":49,"image_id":10,"category_id":4,"bbox":[78,529,754.5,52],"area":39234,"segmentation":[],"iscrowd":0},{"id":50,"image_id":11,"category_id":3,"bbox":[141,184,780,82.5],"area":64350,"segmentation":[],"iscrowd":0},{"id":51,"image_id":11,"category_id":1,"bbox":[948,242,182,65.5],"area":11921,"segmentation":[],"iscrowd":0},{"id":52,"image_id":11,"category_id":5,"bbox":[120,119,708.5,73],"area":51720.5,"segmentation":[],"iscrowd":0},{"id":53,"image_id":11,"category_id":4,"bbox":[286,566,665.5,55],"area":36602.5,"segmentation":[],"iscrowd":0},{"id":54,"image_id":11,"category_id":2,"bbox":[974,55,254.5,39],"area":9925.5,"segmentation":[],"iscrowd":0},{"id":55,"image_id":12,"category_id":3,"bbox":[47,272,929.5,58.5],"area":54375.75,"segmentation":[],"iscrowd":0},{"id":56,"image_id":12,"category_id":1,"bbox":[1035,216,164,55.5],"area":9102,"segmentation":[],"iscrowd":0},{"id":57,"image_id":12,"category_id":2,"bbox":[905,77,333.5,69.5],"area":23178.25,"segmentation":[],"iscrowd":0},{"id":58,"image_id":12,"category_id":5,"bbox":[166,186,509.5,68.5],"area":34900.75,"segmentation":[],"iscrowd":0},{"id":59,"image_id":12,"category_id":4,"bbox":[48,530,772.5,77],"area":59482.5,"segmentation":[],"iscrowd":0},{"id":60,"image_id":12,"category_id":6,"bbox":[1090,48,89.5,31.5],"area":2819.25,"segmentation":[],"iscrowd":0},{"id":61,"image_id":13,"category_id":3,"bbox":[131,191,437,76],"area":33212,"segmentation":[],"iscrowd":0},{"id":62,"image_id":13,"category_id":1,"bbox":[953,255,210.5,54.5],"area":11472.25,"segmentation":[],"iscrowd":0},{"id":63,"image_id":13,"category_id":5,"bbox":[269,139,370.5,48],"area":17784,"segmentation":[],"iscrowd":0},{"id":64,"image_id":13,"category_id":2,"bbox":[974,54,260,37.5],"area":9750,"segmentation":[],"iscrowd":0},{"id":65,"image_id":13,"category_id":4,"bbox":[311,558,629.5,62.5],"area":39343.75,"segmentation":[],"iscrowd":0},{"id":66,"image_id":14,"category_id":3,"bbox":[225,195,849.5,56.5],"area":47996.75,"segmentation":[],"iscrowd":0},{"id":67,"image_id":14,"category_id":1,"bbox":[966,255,158,36.5],"area":5767,"segmentation":[],"iscrowd":0},{"id":68,"image_id":14,"category_id":5,"bbox":[380,136,394.5,48],"area":18936,"segmentation":[],"iscrowd":0},{"id":69,"image_id":14,"category_id":2,"bbox":[975,49,262,40.5],"area":10611,"segmentation":[],"iscrowd":0},{"id":70,"image_id":14,"category_id":4,"bbox":[316,555,627.5,55.5],"area":34826.25,"segmentation":[],"iscrowd":0},{"id":71,"image_id":15,"category_id":3,"bbox":[107,179,796,72],"area":57312,"segmentation":[],"iscrowd":0},{"id":72,"image_id":15,"category_id":1,"bbox":[959,244,161,49.5],"area":7969.5,"segmentation":[],"iscrowd":0},{"id":73,"image_id":15,"category_id":5,"bbox":[167,121,336,59],"area":19824,"segmentation":[],"iscrowd":0},{"id":74,"image_id":15,"category_id":2,"bbox":[978,47,260,38],"area":9880,"segmentation":[],"iscrowd":0},{"id":75,"image_id":15,"category_id":4,"bbox":[306,556,636,61.5],"area":39114,"segmentation":[],"iscrowd":0},{"id":76,"image_id":16,"category_id":3,"bbox":[252,171,480,82.5],"area":39600,"segmentation":[],"iscrowd":0},{"id":77,"image_id":16,"category_id":1,"bbox":[983,226,127.5,67],"area":8542.5,"segmentation":[],"iscrowd":0},{"id":78,"image_id":16,"category_id":5,"bbox":[255,121,376,57],"area":21432,"segmentation":[],"iscrowd":0},{"id":79,"image_id":16,"category_id":2,"bbox":[955,47,294.5,45.5],"area":13399.75,"segmentation":[],"iscrowd":0},{"id":80,"image_id":16,"category_id":4,"bbox":[313,562,646.5,60],"area":38790,"segmentation":[],"iscrowd":0},{"id":81,"image_id":17,"category_id":3,"bbox":[145,180,518,73],"area":37814,"segmentation":[],"iscrowd":0},{"id":82,"image_id":17,"category_id":1,"bbox":[975,239,162,64.5],"area":10449,"segmentation":[],"iscrowd":0},{"id":83,"image_id":17,"category_id":5,"bbox":[182,127,514.5,60.5],"area":31127.25,"segmentation":[],"iscrowd":0},{"id":84,"image_id":17,"category_id":2,"bbox":[983,45,255,48],"area":12240,"segmentation":[],"iscrowd":0},{"id":85,"image_id":17,"category_id":4,"bbox":[321,554,645.5,56.5],"area":36470.75,"segmentation":[],"iscrowd":0},{"id":86,"image_id":18,"category_id":3,"bbox":[103,186,665.5,63.5],"area":42259.25,"segmentation":[],"iscrowd":0},{"id":87,"image_id":18,"category_id":1,"bbox":[945,248,186.5,55],"area":10257.5,"segmentation":[],"iscrowd":0},{"id":88,"image_id":18,"category_id":5,"bbox":[124,121,542,66.5],"area":36043,"segmentation":[],"iscrowd":0},{"id":89,"image_id":18,"category_id":2,"bbox":[974,43,271.5,47.5],"area":12896.25,"segmentation":[],"iscrowd":0},{"id":90,"image_id":18,"category_id":4,"bbox":[290,565,654.5,56],"area":36652,"segmentation":[],"iscrowd":0},{"id":91,"image_id":19,"category_id":3,"bbox":[132,179,726.5,70],"area":50855,"segmentation":[],"iscrowd":0},{"id":92,"image_id":19,"category_id":1,"bbox":[967,248,196,54.5],"area":10682,"segmentation":[],"iscrowd":0},{"id":93,"image_id":19,"category_id":5,"bbox":[316,135,483,58.5],"area":28255.5,"segmentation":[],"iscrowd":0},{"id":94,"image_id":19,"category_id":4,"bbox":[314,560,635,56.5],"area":35877.5,"segmentation":[],"iscrowd":0},{"id":95,"image_id":19,"category_id":2,"bbox":[975,48,268.5,45],"area":12082.5,"segmentation":[],"iscrowd":0},{"id":96,"image_id":20,"category_id":3,"bbox":[43,265,925,93.5],"area":86487.5,"segmentation":[],"iscrowd":0},{"id":97,"image_id":20,"category_id":1,"bbox":[1000,214,149.5,68.5],"area":10240.75,"segmentation":[],"iscrowd":0},{"id":98,"image_id":20,"category_id":4,"bbox":[51,528,753.5,56.5],"area":42572.75,"segmentation":[],"iscrowd":0},{"id":99,"image_id":20,"category_id":2,"bbox":[795,96,245.5,83],"area":20376.5,"segmentation":[],"iscrowd":0},{"id":100,"image_id":20,"category_id":5,"bbox":[226,175,459,90.5],"area":41539.5,"segmentation":[],"iscrowd":0},{"id":101,"image_id":21,"category_id":3,"bbox":[207,192,477,62.5],"area":29812.5,"segmentation":[],"iscrowd":0},{"id":102,"image_id":21,"category_id":1,"bbox":[954,250,218,45],"area":9810,"segmentation":[],"iscrowd":0},{"id":103,"image_id":21,"category_id":5,"bbox":[254,131,340,60.5],"area":20570,"segmentation":[],"iscrowd":0},{"id":104,"image_id":21,"category_id":2,"bbox":[977,63,261,37],"area":9657,"segmentation":[],"iscrowd":0},{"id":105,"image_id":21,"category_id":4,"bbox":[307,564,646.5,44],"area":28446,"segmentation":[],"iscrowd":0},{"id":106,"image_id":22,"category_id":3,"bbox":[235,188,686.5,69],"area":47368.5,"segmentation":[],"iscrowd":0},{"id":107,"image_id":22,"category_id":1,"bbox":[958,243,183,63.5],"area":11620.5,"segmentation":[],"iscrowd":0},{"id":108,"image_id":22,"category_id":5,"bbox":[167,123,597,68],"area":40596,"segmentation":[],"iscrowd":0},{"id":109,"image_id":22,"category_id":4,"bbox":[312,574,642,46],"area":29532,"segmentation":[],"iscrowd":0},{"id":110,"image_id":22,"category_id":2,"bbox":[972,45,268.5,55.5],"area":14901.75,"segmentation":[],"iscrowd":0},{"id":111,"image_id":23,"category_id":3,"bbox":[122,272,761,131],"area":99691,"segmentation":[],"iscrowd":0},{"id":112,"image_id":23,"category_id":1,"bbox":[1009,253,108.5,62.5],"area":6781.25,"segmentation":[],"iscrowd":0},{"id":113,"image_id":23,"category_id":5,"bbox":[135,215,415,62.5],"area":25937.5,"segmentation":[],"iscrowd":0},{"id":114,"image_id":23,"category_id":4,"bbox":[264,554,785,67.5],"area":52987.5,"segmentation":[],"iscrowd":0},{"id":115,"image_id":23,"category_id":2,"bbox":[948,86,332,79],"area":26228,"segmentation":[],"iscrowd":0},{"id":116,"image_id":24,"category_id":3,"bbox":[158,179,785.5,61.5],"area":48308.25,"segmentation":[],"iscrowd":0},{"id":117,"image_id":24,"category_id":1,"bbox":[976,241,198,43],"area":8514,"segmentation":[],"iscrowd":0},{"id":118,"image_id":25,"category_id":3,"bbox":[316,187,896,59.5],"area":53312,"segmentation":[],"iscrowd":0},{"id":119,"image_id":25,"category_id":1,"bbox":[1005,252,185.5,48],"area":8904,"segmentation":[],"iscrowd":0},{"id":120,"image_id":25,"category_id":5,"bbox":[300,138,378,50],"area":18900,"segmentation":[],"iscrowd":0},{"id":121,"image_id":25,"category_id":4,"bbox":[310,569,628.5,53],"area":33310.5,"segmentation":[],"iscrowd":0},{"id":122,"image_id":25,"category_id":2,"bbox":[982,58,264,41.5],"area":10956,"segmentation":[],"iscrowd":0},{"id":123,"image_id":26,"category_id":3,"bbox":[159,177,781,69],"area":53889,"segmentation":[],"iscrowd":0},{"id":124,"image_id":26,"category_id":1,"bbox":[973,237,204,56.5],"area":11526,"segmentation":[],"iscrowd":0},{"id":125,"image_id":27,"category_id":3,"bbox":[177,182,569.5,85],"area":48407.5,"segmentation":[],"iscrowd":0},{"id":126,"image_id":27,"category_id":1,"bbox":[947,247,149.5,66.5],"area":9941.75,"segmentation":[],"iscrowd":0},{"id":127,"image_id":27,"category_id":5,"bbox":[199,125,452.5,67.5],"area":30543.75,"segmentation":[],"iscrowd":0},{"id":128,"image_id":27,"category_id":2,"bbox":[974,65,258,43],"area":11094,"segmentation":[],"iscrowd":0},{"id":129,"image_id":27,"category_id":4,"bbox":[311,551,638,65.5],"area":41789,"segmentation":[],"iscrowd":0},{"id":130,"image_id":28,"category_id":3,"bbox":[132,187,597,68],"area":40596,"segmentation":[],"iscrowd":0},{"id":131,"image_id":28,"category_id":1,"bbox":[952,240,180,51],"area":9180,"segmentation":[],"iscrowd":0},{"id":132,"image_id":28,"category_id":5,"bbox":[219,118,505.5,73],"area":36901.5,"segmentation":[],"iscrowd":0},{"id":133,"image_id":28,"category_id":4,"bbox":[302,566,639,51],"area":32589,"segmentation":[],"iscrowd":0},{"id":134,"image_id":28,"category_id":2,"bbox":[976,50,257,38.5],"area":9894.5,"segmentation":[],"iscrowd":0},{"id":135,"image_id":29,"category_id":3,"bbox":[121,277,205,51.5],"area":10557.5,"segmentation":[],"iscrowd":0},{"id":136,"image_id":29,"category_id":1,"bbox":[960,272,97,60.5],"area":5868.5,"segmentation":[],"iscrowd":0},{"id":137,"image_id":29,"category_id":5,"bbox":[80,223,521,56.5],"area":29436.5,"segmentation":[],"iscrowd":0},{"id":138,"image_id":29,"category_id":2,"bbox":[908,111,355,62.5],"area":22187.5,"segmentation":[],"iscrowd":0},{"id":139,"image_id":29,"category_id":6,"bbox":[1063,44,177,45.5],"area":8053.5,"segmentation":[],"iscrowd":0},{"id":140,"image_id":29,"category_id":4,"bbox":[8,529,994.5,65.5],"area":65139.75,"segmentation":[],"iscrowd":0},{"id":141,"image_id":30,"category_id":3,"bbox":[158,183,456,85],"area":38760,"segmentation":[],"iscrowd":0},{"id":142,"image_id":30,"category_id":1,"bbox":[962,253,149.5,60.5],"area":9044.75,"segmentation":[],"iscrowd":0},{"id":143,"image_id":30,"category_id":5,"bbox":[192,129,524,68.5],"area":35894,"segmentation":[],"iscrowd":0},{"id":144,"image_id":30,"category_id":2,"bbox":[974,61,253.5,41],"area":10393.5,"segmentation":[],"iscrowd":0},{"id":145,"image_id":30,"category_id":4,"bbox":[291,540,648.5,70.5],"area":45719.25,"segmentation":[],"iscrowd":0},{"id":146,"image_id":31,"category_id":3,"bbox":[208,198,570.5,76],"area":43358,"segmentation":[],"iscrowd":0},{"id":147,"image_id":31,"category_id":1,"bbox":[990,234,185.5,81.5],"area":15118.25,"segmentation":[],"iscrowd":0},{"id":148,"image_id":31,"category_id":5,"bbox":[214,117,567.5,80.5],"area":45683.75,"segmentation":[],"iscrowd":0},{"id":149,"image_id":31,"category_id":6,"bbox":[977,54,260,39.5],"area":10270,"segmentation":[],"iscrowd":0},{"id":150,"image_id":31,"category_id":4,"bbox":[305,558,640,59.5],"area":38080,"segmentation":[],"iscrowd":0},{"id":151,"image_id":32,"category_id":3,"bbox":[256,188,713.5,64.5],"area":46020.75,"segmentation":[],"iscrowd":0},{"id":152,"image_id":32,"category_id":1,"bbox":[980,246,145.5,43],"area":6256.5,"segmentation":[],"iscrowd":0},{"id":153,"image_id":32,"category_id":5,"bbox":[352,120,484,65.5],"area":31702,"segmentation":[],"iscrowd":0},{"id":154,"image_id":32,"category_id":4,"bbox":[309,558,643,35],"area":22505,"segmentation":[],"iscrowd":0},{"id":155,"image_id":32,"category_id":2,"bbox":[979,48,268.5,41],"area":11008.5,"segmentation":[],"iscrowd":0},{"id":156,"image_id":33,"category_id":3,"bbox":[148,189,511.5,50],"area":25575,"segmentation":[],"iscrowd":0},{"id":157,"image_id":33,"category_id":1,"bbox":[956,239,193.5,52],"area":10062,"segmentation":[],"iscrowd":0},{"id":158,"image_id":34,"category_id":3,"bbox":[225,182,720,79.5],"area":57240,"segmentation":[],"iscrowd":0},{"id":159,"image_id":34,"category_id":1,"bbox":[958,243,228.5,72],"area":16452,"segmentation":[],"iscrowd":0},{"id":160,"image_id":34,"category_id":5,"bbox":[159,115,313.5,77],"area":24139.5,"segmentation":[],"iscrowd":0},{"id":161,"image_id":34,"category_id":2,"bbox":[972,53,258,37.5],"area":9675,"segmentation":[],"iscrowd":0},{"id":162,"image_id":34,"category_id":4,"bbox":[309,565,632.5,45],"area":28462.5,"segmentation":[],"iscrowd":0},{"id":163,"image_id":35,"category_id":1,"bbox":[956,244,212.5,63.5],"area":13493.75,"segmentation":[],"iscrowd":0},{"id":164,"image_id":35,"category_id":5,"bbox":[254,122,513.5,76],"area":39026,"segmentation":[],"iscrowd":0},{"id":165,"image_id":35,"category_id":4,"bbox":[301,564,644,59.5],"area":38318,"segmentation":[],"iscrowd":0},{"id":166,"image_id":35,"category_id":2,"bbox":[972,57,262,39.5],"area":10349,"segmentation":[],"iscrowd":0},{"id":167,"image_id":35,"category_id":3,"bbox":[191,195,771.5,60.5],"area":46675.75,"segmentation":[],"iscrowd":0},{"id":168,"image_id":36,"category_id":3,"bbox":[258,180,859,58],"area":49822,"segmentation":[],"iscrowd":0},{"id":169,"image_id":36,"category_id":1,"bbox":[1010,242,189.5,50],"area":9475,"segmentation":[],"iscrowd":0},{"id":170,"image_id":37,"category_id":3,"bbox":[232,176,635,65.5],"area":41592.5,"segmentation":[],"iscrowd":0},{"id":171,"image_id":37,"category_id":1,"bbox":[1000,241,153.5,50],"area":7675,"segmentation":[],"iscrowd":0},{"id":172,"image_id":37,"category_id":5,"bbox":[329,124,510.5,62.5],"area":31906.25,"segmentation":[],"iscrowd":0},{"id":173,"image_id":37,"category_id":2,"bbox":[948,45,303,53],"area":16059,"segmentation":[],"iscrowd":0},{"id":174,"image_id":37,"category_id":4,"bbox":[310,564,667.5,54.5],"area":36378.75,"segmentation":[],"iscrowd":0},{"id":175,"image_id":38,"category_id":3,"bbox":[232,166,763,70.5],"area":53791.5,"segmentation":[],"iscrowd":0},{"id":176,"image_id":38,"category_id":1,"bbox":[1000,235,211.5,65],"area":13747.5,"segmentation":[],"iscrowd":0},{"id":177,"image_id":38,"category_id":5,"bbox":[409,125,515,59],"area":30385,"segmentation":[],"iscrowd":0},{"id":178,"image_id":38,"category_id":4,"bbox":[300,563,642,50.5],"area":32421,"segmentation":[],"iscrowd":0},{"id":179,"image_id":38,"category_id":2,"bbox":[955,46,291.5,41.5],"area":12097.25,"segmentation":[],"iscrowd":0},{"id":180,"image_id":39,"category_id":3,"bbox":[223,195,417,79.5],"area":33151.5,"segmentation":[],"iscrowd":0},{"id":181,"image_id":39,"category_id":1,"bbox":[965,268,180,51],"area":9180,"segmentation":[],"iscrowd":0},{"id":182,"image_id":39,"category_id":5,"bbox":[272,134,542,60.5],"area":32791,"segmentation":[],"iscrowd":0},{"id":183,"image_id":39,"category_id":2,"bbox":[979,66,258,51],"area":13158,"segmentation":[],"iscrowd":0},{"id":184,"image_id":39,"category_id":4,"bbox":[305,561,650.5,66],"area":42933,"segmentation":[],"iscrowd":0},{"id":185,"image_id":40,"category_id":3,"bbox":[111,190,467.5,60.5],"area":28283.75,"segmentation":[],"iscrowd":0},{"id":186,"image_id":40,"category_id":1,"bbox":[967,255,139,44],"area":6116,"segmentation":[],"iscrowd":0},{"id":187,"image_id":41,"category_id":3,"bbox":[279,187,368.5,79],"area":29111.5,"segmentation":[],"iscrowd":0},{"id":188,"image_id":41,"category_id":1,"bbox":[963,246,208.5,60.5],"area":12614.25,"segmentation":[],"iscrowd":0},{"id":189,"image_id":41,"category_id":5,"bbox":[129,122,680,79],"area":53720,"segmentation":[],"iscrowd":0},{"id":190,"image_id":41,"category_id":4,"bbox":[300,554,651.5,60.5],"area":39415.75,"segmentation":[],"iscrowd":0},{"id":191,"image_id":41,"category_id":2,"bbox":[975,65,261,43],"area":11223,"segmentation":[],"iscrowd":0},{"id":192,"image_id":42,"category_id":3,"bbox":[180,182,658,81],"area":53298,"segmentation":[],"iscrowd":0},{"id":193,"image_id":42,"category_id":1,"bbox":[959,235,148.5,60.5],"area":8984.25,"segmentation":[],"iscrowd":0},{"id":194,"image_id":42,"category_id":5,"bbox":[191,121,539,62.5],"area":33687.5,"segmentation":[],"iscrowd":0},{"id":195,"image_id":42,"category_id":4,"bbox":[306,553,643,48],"area":30864,"segmentation":[],"iscrowd":0},{"id":196,"image_id":42,"category_id":2,"bbox":[984,47,260,45],"area":11700,"segmentation":[],"iscrowd":0},{"id":197,"image_id":43,"category_id":3,"bbox":[132,188,636,70],"area":44520,"segmentation":[],"iscrowd":0},{"id":198,"image_id":43,"category_id":1,"bbox":[945,241,170.5,68],"area":11594,"segmentation":[],"iscrowd":0},{"id":199,"image_id":43,"category_id":5,"bbox":[235,125,445,70],"area":31150,"segmentation":[],"iscrowd":0},{"id":200,"image_id":43,"category_id":4,"bbox":[307,571,636,48],"area":30528,"segmentation":[],"iscrowd":0},{"id":201,"image_id":43,"category_id":2,"bbox":[973,50,276,53],"area":14628,"segmentation":[],"iscrowd":0},{"id":202,"image_id":44,"category_id":3,"bbox":[164,172,751.5,66.5],"area":49974.75,"segmentation":[],"iscrowd":0},{"id":203,"image_id":44,"category_id":1,"bbox":[954,238,225,53],"area":11925,"segmentation":[],"iscrowd":0},{"id":204,"image_id":44,"category_id":5,"bbox":[332,114,375,64.5],"area":24187.5,"segmentation":[],"iscrowd":0},{"id":205,"image_id":44,"category_id":4,"bbox":[308,548,650.5,52],"area":33826,"segmentation":[],"iscrowd":0},{"id":206,"image_id":44,"category_id":2,"bbox":[978,45,269.5,47],"area":12666.5,"segmentation":[],"iscrowd":0},{"id":207,"image_id":45,"category_id":3,"bbox":[302,318,325,32],"area":10400,"segmentation":[],"iscrowd":0},{"id":208,"image_id":45,"category_id":1,"bbox":[1041,226,128.5,38.5],"area":4947.25,"segmentation":[],"iscrowd":0},{"id":209,"image_id":45,"category_id":6,"bbox":[984,95,135,35.5],"area":4792.5,"segmentation":[],"iscrowd":0},{"id":210,"image_id":45,"category_id":2,"bbox":[982,132,100,31],"area":3100,"segmentation":[],"iscrowd":0},{"id":211,"image_id":45,"category_id":4,"bbox":[140,558,751.5,46],"area":34569,"segmentation":[],"iscrowd":0},{"id":212,"image_id":45,"category_id":5,"bbox":[165,195,326.5,35.5],"area":11590.75,"segmentation":[],"iscrowd":0},{"id":213,"image_id":46,"category_id":3,"bbox":[272,181,265.5,61.5],"area":16328.25,"segmentation":[],"iscrowd":0},{"id":214,"image_id":46,"category_id":1,"bbox":[1009,244,154.5,57.5],"area":8883.75,"segmentation":[],"iscrowd":0},{"id":215,"image_id":46,"category_id":5,"bbox":[338,136,251.5,58.5],"area":14712.75,"segmentation":[],"iscrowd":0},{"id":216,"image_id":46,"category_id":2,"bbox":[991,60,260,41],"area":10660,"segmentation":[],"iscrowd":0},{"id":217,"image_id":46,"category_id":4,"bbox":[309,553,655,58.5],"area":38317.5,"segmentation":[],"iscrowd":0},{"id":218,"image_id":47,"category_id":3,"bbox":[192,301,415,28.5],"area":11827.5,"segmentation":[],"iscrowd":0},{"id":219,"image_id":47,"category_id":1,"bbox":[1186,216,74.5,41],"area":3054.5,"segmentation":[],"iscrowd":0},{"id":220,"image_id":47,"category_id":5,"bbox":[192,232,100,28.5],"area":2850,"segmentation":[],"iscrowd":0},{"id":221,"image_id":47,"category_id":2,"bbox":[1086,147,180,41],"area":7380,"segmentation":[],"iscrowd":0},{"id":222,"image_id":47,"category_id":6,"bbox":[1081,78,126.5,26],"area":3289,"segmentation":[],"iscrowd":0},{"id":223,"image_id":47,"category_id":4,"bbox":[183,562,788.5,61.5],"area":48492.75,"segmentation":[],"iscrowd":0},{"id":224,"image_id":48,"category_id":3,"bbox":[147,276,725.5,46],"area":33373,"segmentation":[],"iscrowd":0},{"id":225,"image_id":48,"category_id":1,"bbox":[1077,245,137,35],"area":4795,"segmentation":[],"iscrowd":0},{"id":226,"image_id":48,"category_id":4,"bbox":[135,528,857,71],"area":60847,"segmentation":[],"iscrowd":0},{"id":227,"image_id":48,"category_id":5,"bbox":[86,427,172.5,36],"area":6210,"segmentation":[],"iscrowd":0},{"id":228,"image_id":48,"category_id":2,"bbox":[658,235,273.5,36],"area":9846,"segmentation":[],"iscrowd":0},{"id":229,"image_id":48,"category_id":6,"bbox":[1117,60,117,46],"area":5382,"segmentation":[],"iscrowd":0},{"id":230,"image_id":49,"category_id":3,"bbox":[231,180,444,69.5],"area":30858,"segmentation":[],"iscrowd":0},{"id":231,"image_id":49,"category_id":1,"bbox":[1001,233,132.5,56.5],"area":7486.25,"segmentation":[],"iscrowd":0},{"id":232,"image_id":50,"category_id":3,"bbox":[151,194,608.5,73],"area":44420.5,"segmentation":[],"iscrowd":0},{"id":233,"image_id":50,"category_id":1,"bbox":[946,247,178,69],"area":12282,"segmentation":[],"iscrowd":0},{"id":234,"image_id":51,"category_id":3,"bbox":[247,178,522,67],"area":34974,"segmentation":[],"iscrowd":0},{"id":235,"image_id":51,"category_id":1,"bbox":[1003,233,177,62],"area":10974,"segmentation":[],"iscrowd":0},{"id":236,"image_id":52,"category_id":3,"bbox":[137,203,965,56.5],"area":54522.5,"segmentation":[],"iscrowd":0},{"id":237,"image_id":52,"category_id":1,"bbox":[967,268,161,48],"area":7728,"segmentation":[],"iscrowd":0},{"id":238,"image_id":52,"category_id":5,"bbox":[268,143,532.5,69],"area":36742.5,"segmentation":[],"iscrowd":0},{"id":239,"image_id":52,"category_id":4,"bbox":[286,575,651.5,54.5],"area":35506.75,"segmentation":[],"iscrowd":0},{"id":240,"image_id":52,"category_id":2,"bbox":[975,68,253.5,39.5],"area":10013.25,"segmentation":[],"iscrowd":0},{"id":241,"image_id":53,"category_id":3,"bbox":[222,197,331.5,55.5],"area":18398.25,"segmentation":[],"iscrowd":0},{"id":242,"image_id":53,"category_id":1,"bbox":[1016,259,148.5,51],"area":7573.5,"segmentation":[],"iscrowd":0},{"id":243,"image_id":54,"category_id":3,"bbox":[189,190,719,72],"area":51768,"segmentation":[],"iscrowd":0},{"id":244,"image_id":54,"category_id":1,"bbox":[946,241,177,76],"area":13452,"segmentation":[],"iscrowd":0},{"id":245,"image_id":55,"category_id":3,"bbox":[145,175,714.5,81.5],"area":58231.75,"segmentation":[],"iscrowd":0},{"id":246,"image_id":55,"category_id":1,"bbox":[963,246,196,61.5],"area":12054,"segmentation":[],"iscrowd":0},{"id":247,"image_id":55,"category_id":5,"bbox":[316,119,395,73],"area":28835,"segmentation":[],"iscrowd":0},{"id":248,"image_id":55,"category_id":4,"bbox":[315,560,652.5,55.5],"area":36213.75,"segmentation":[],"iscrowd":0},{"id":249,"image_id":55,"category_id":2,"bbox":[977,47,260,46],"area":11960,"segmentation":[],"iscrowd":0},{"id":250,"image_id":56,"category_id":3,"bbox":[104,206,646.5,74.5],"area":48164.25,"segmentation":[],"iscrowd":0},{"id":251,"image_id":56,"category_id":1,"bbox":[962,259,242,68.5],"area":16577,"segmentation":[],"iscrowd":0},{"id":252,"image_id":56,"category_id":5,"bbox":[115,151,521,60],"area":31260,"segmentation":[],"iscrowd":0},{"id":253,"image_id":56,"category_id":4,"bbox":[264,538,711.5,85],"area":60477.5,"segmentation":[],"iscrowd":0},{"id":254,"image_id":57,"category_id":3,"bbox":[129,185,584,55.5],"area":32412,"segmentation":[],"iscrowd":0},{"id":255,"image_id":57,"category_id":1,"bbox":[959,240,176,69],"area":12144,"segmentation":[],"iscrowd":0},{"id":256,"image_id":57,"category_id":5,"bbox":[256,121,607.5,61.5],"area":37361.25,"segmentation":[],"iscrowd":0},{"id":257,"image_id":57,"category_id":4,"bbox":[312,561,625.5,54.5],"area":34089.75,"segmentation":[],"iscrowd":0},{"id":258,"image_id":57,"category_id":2,"bbox":[972,53,265.5,42],"area":11151,"segmentation":[],"iscrowd":0},{"id":259,"image_id":58,"category_id":3,"bbox":[142,182,785.5,68],"area":53414,"segmentation":[],"iscrowd":0},{"id":260,"image_id":58,"category_id":1,"bbox":[983,258,214.5,47],"area":10081.5,"segmentation":[],"iscrowd":0},{"id":261,"image_id":59,"category_id":3,"bbox":[197,191,445,67.5],"area":30037.5,"segmentation":[],"iscrowd":0},{"id":262,"image_id":59,"category_id":1,"bbox":[955,251,264,52],"area":13728,"segmentation":[],"iscrowd":0},{"id":263,"image_id":59,"category_id":5,"bbox":[263,124,405.5,74.5],"area":30209.75,"segmentation":[],"iscrowd":0},{"id":264,"image_id":59,"category_id":4,"bbox":[311,570,628.5,55.5],"area":34881.75,"segmentation":[],"iscrowd":0},{"id":265,"image_id":59,"category_id":2,"bbox":[973,63,258,39],"area":10062,"segmentation":[],"iscrowd":0},{"id":266,"image_id":60,"category_id":3,"bbox":[118,278,597,88.5],"area":52834.5,"segmentation":[],"iscrowd":0},{"id":267,"image_id":60,"category_id":1,"bbox":[1009,215,199,69.5],"area":13830.5,"segmentation":[],"iscrowd":0},{"id":268,"image_id":60,"category_id":5,"bbox":[143,199,448.5,94],"area":42159,"segmentation":[],"iscrowd":0},{"id":269,"image_id":60,"category_id":4,"bbox":[298,541,618,60.5],"area":37389,"segmentation":[],"iscrowd":0},{"id":270,"image_id":60,"category_id":2,"bbox":[840,103,247.5,85],"area":21037.5,"segmentation":[],"iscrowd":0},{"id":271,"image_id":60,"category_id":6,"bbox":[1119,50,118,46],"area":5428,"segmentation":[],"iscrowd":0},{"id":272,"image_id":61,"category_id":3,"bbox":[220,170,516,72.5],"area":37410,"segmentation":[],"iscrowd":0},{"id":273,"image_id":61,"category_id":1,"bbox":[1000,236,142,52],"area":7384,"segmentation":[],"iscrowd":0},{"id":274,"image_id":61,"category_id":5,"bbox":[150,122,425.5,49],"area":20849.5,"segmentation":[],"iscrowd":0},{"id":275,"image_id":61,"category_id":2,"bbox":[991,45,259,37],"area":9583,"segmentation":[],"iscrowd":0},{"id":276,"image_id":61,"category_id":4,"bbox":[305,544,649.5,47],"area":30526.5,"segmentation":[],"iscrowd":0},{"id":277,"image_id":62,"category_id":3,"bbox":[170,298,511.5,55],"area":28132.5,"segmentation":[],"iscrowd":0},{"id":278,"image_id":62,"category_id":1,"bbox":[1068,277,145.5,51.5],"area":7493.25,"segmentation":[],"iscrowd":0},{"id":279,"image_id":62,"category_id":5,"bbox":[135,246,364,50.5],"area":18382,"segmentation":[],"iscrowd":0},{"id":280,"image_id":62,"category_id":6,"bbox":[1061,45,145,34],"area":4930,"segmentation":[],"iscrowd":0},{"id":281,"image_id":62,"category_id":2,"bbox":[958,116,307.5,48],"area":14760,"segmentation":[],"iscrowd":0},{"id":282,"image_id":62,"category_id":4,"bbox":[282,564,757,54],"area":40878,"segmentation":[],"iscrowd":0},{"id":283,"image_id":63,"category_id":3,"bbox":[185,193,509.5,69],"area":35155.5,"segmentation":[],"iscrowd":0},{"id":284,"image_id":63,"category_id":1,"bbox":[961,254,204,69],"area":14076,"segmentation":[],"iscrowd":0},{"id":285,"image_id":63,"category_id":5,"bbox":[316,142,365.5,50],"area":18275,"segmentation":[],"iscrowd":0},{"id":286,"image_id":63,"category_id":2,"bbox":[972,59,262,45],"area":11790,"segmentation":[],"iscrowd":0},{"id":287,"image_id":63,"category_id":4,"bbox":[297,572,674.5,45],"area":30352.5,"segmentation":[],"iscrowd":0},{"id":288,"image_id":64,"category_id":3,"bbox":[580,326,316,66.5],"area":21014,"segmentation":[],"iscrowd":0},{"id":289,"image_id":64,"category_id":1,"bbox":[1063,256,106.5,60.5],"area":6443.25,"segmentation":[],"iscrowd":0},{"id":290,"image_id":64,"category_id":2,"bbox":[863,170,207.5,55.5],"area":11516.25,"segmentation":[],"iscrowd":0},{"id":291,"image_id":64,"category_id":6,"bbox":[1014,44,173.5,74],"area":12839,"segmentation":[],"iscrowd":0},{"id":292,"image_id":64,"category_id":4,"bbox":[172,542,646.5,59],"area":38143.5,"segmentation":[],"iscrowd":0},{"id":293,"image_id":65,"category_id":3,"bbox":[117,193,635,64.5],"area":40957.5,"segmentation":[],"iscrowd":0},{"id":294,"image_id":65,"category_id":1,"bbox":[960,253,159,52],"area":8268,"segmentation":[],"iscrowd":0},{"id":295,"image_id":65,"category_id":5,"bbox":[272,134,466.5,76],"area":35454,"segmentation":[],"iscrowd":0},{"id":296,"image_id":65,"category_id":4,"bbox":[302,564,640,52],"area":33280,"segmentation":[],"iscrowd":0},{"id":297,"image_id":65,"category_id":2,"bbox":[976,58,250.5,37.5],"area":9393.75,"segmentation":[],"iscrowd":0},{"id":298,"image_id":66,"category_id":3,"bbox":[206,174,515,69.5],"area":35792.5,"segmentation":[],"iscrowd":0},{"id":299,"image_id":66,"category_id":1,"bbox":[994,237,200,51],"area":10200,"segmentation":[],"iscrowd":0},{"id":300,"image_id":66,"category_id":5,"bbox":[410,118,382,64.5],"area":24639,"segmentation":[],"iscrowd":0},{"id":301,"image_id":66,"category_id":2,"bbox":[983,49,265.5,41.5],"area":11018.25,"segmentation":[],"iscrowd":0},{"id":302,"image_id":66,"category_id":4,"bbox":[305,559,642,60.5],"area":38841,"segmentation":[],"iscrowd":0},{"id":303,"image_id":67,"category_id":3,"bbox":[140,235,824,124],"area":102176,"segmentation":[],"iscrowd":0},{"id":304,"image_id":67,"category_id":1,"bbox":[1130,220,132.5,62.5],"area":8281.25,"segmentation":[],"iscrowd":0},{"id":305,"image_id":67,"category_id":5,"bbox":[155,160,416,71],"area":29536,"segmentation":[],"iscrowd":0},{"id":306,"image_id":67,"category_id":4,"bbox":[273,566,765.5,61.5],"area":47078.25,"segmentation":[],"iscrowd":0},{"id":307,"image_id":67,"category_id":6,"bbox":[1133,6,119,36],"area":4284,"segmentation":[],"iscrowd":0},{"id":308,"image_id":67,"category_id":2,"bbox":[1056,69,224,63.5],"area":14224,"segmentation":[],"iscrowd":0},{"id":309,"image_id":68,"category_id":3,"bbox":[253,201,512.5,75],"area":38437.5,"segmentation":[],"iscrowd":0},{"id":310,"image_id":68,"category_id":1,"bbox":[958,245,130.5,77],"area":10048.5,"segmentation":[],"iscrowd":0},{"id":311,"image_id":68,"category_id":5,"bbox":[176,122,460,83.5],"area":38410,"segmentation":[],"iscrowd":0},{"id":312,"image_id":68,"category_id":2,"bbox":[978,72,255,38.5],"area":9817.5,"segmentation":[],"iscrowd":0},{"id":313,"image_id":68,"category_id":4,"bbox":[308,579,636,46],"area":29256,"segmentation":[],"iscrowd":0},{"id":314,"image_id":69,"category_id":3,"bbox":[129,290,592.5,48],"area":28440,"segmentation":[],"iscrowd":0},{"id":315,"image_id":69,"category_id":1,"bbox":[957,288,124,45],"area":5580,"segmentation":[],"iscrowd":0},{"id":316,"image_id":69,"category_id":5,"bbox":[85,229,545.5,61],"area":33275.5,"segmentation":[],"iscrowd":0},{"id":317,"image_id":69,"category_id":4,"bbox":[19,522,942,66],"area":62172,"segmentation":[],"iscrowd":0},{"id":318,"image_id":69,"category_id":2,"bbox":[889,115,352.5,69],"area":24322.5,"segmentation":[],"iscrowd":0},{"id":319,"image_id":69,"category_id":6,"bbox":[1048,59,181,41],"area":7421,"segmentation":[],"iscrowd":0},{"id":320,"image_id":70,"category_id":3,"bbox":[130,283,695,44],"area":30580,"segmentation":[],"iscrowd":0},{"id":321,"image_id":70,"category_id":1,"bbox":[990,275,149.5,60],"area":8970,"segmentation":[],"iscrowd":0},{"id":322,"image_id":70,"category_id":5,"bbox":[132,135,458,47.5],"area":21755,"segmentation":[],"iscrowd":0},{"id":323,"image_id":70,"category_id":4,"bbox":[201,548,705.5,44],"area":31042,"segmentation":[],"iscrowd":0},{"id":324,"image_id":70,"category_id":6,"bbox":[1074,13,149.5,55.5],"area":8297.25,"segmentation":[],"iscrowd":0},{"id":325,"image_id":70,"category_id":2,"bbox":[567,91,264,27.5],"area":7260,"segmentation":[],"iscrowd":0},{"id":326,"image_id":71,"category_id":3,"bbox":[144,185,538,83.5],"area":44923,"segmentation":[],"iscrowd":0},{"id":327,"image_id":71,"category_id":1,"bbox":[956,243,224,78.5],"area":17584,"segmentation":[],"iscrowd":0},{"id":328,"image_id":71,"category_id":5,"bbox":[360,139,388.5,50],"area":19425,"segmentation":[],"iscrowd":0},{"id":329,"image_id":71,"category_id":4,"bbox":[298,562,659,51],"area":33609,"segmentation":[],"iscrowd":0},{"id":330,"image_id":71,"category_id":2,"bbox":[973,52,266.5,45],"area":11992.5,"segmentation":[],"iscrowd":0},{"id":331,"image_id":72,"category_id":3,"bbox":[219,177,314.5,65.5],"area":20599.75,"segmentation":[],"iscrowd":0},{"id":332,"image_id":72,"category_id":1,"bbox":[1001,227,119,59.5],"area":7080.5,"segmentation":[],"iscrowd":0},{"id":333,"image_id":72,"category_id":5,"bbox":[239,120,376,55.5],"area":20868,"segmentation":[],"iscrowd":0},{"id":334,"image_id":72,"category_id":2,"bbox":[992,36,248.5,42],"area":10437,"segmentation":[],"iscrowd":0},{"id":335,"image_id":72,"category_id":4,"bbox":[300,523,645.5,67.5],"area":43571.25,"segmentation":[],"iscrowd":0},{"id":336,"image_id":73,"category_id":3,"bbox":[126,198,567.5,79],"area":44832.5,"segmentation":[],"iscrowd":0},{"id":337,"image_id":73,"category_id":1,"bbox":[960,264,221,57.5],"area":12707.5,"segmentation":[],"iscrowd":0},{"id":338,"image_id":73,"category_id":5,"bbox":[346,131,531.5,78],"area":41457,"segmentation":[],"iscrowd":0},{"id":339,"image_id":73,"category_id":4,"bbox":[304,570,637,47],"area":29939,"segmentation":[],"iscrowd":0},{"id":340,"image_id":73,"category_id":2,"bbox":[975,74,261,43],"area":11223,"segmentation":[],"iscrowd":0},{"id":341,"image_id":74,"category_id":3,"bbox":[136,180,825,58.5],"area":48262.5,"segmentation":[],"iscrowd":0},{"id":342,"image_id":74,"category_id":1,"bbox":[983,236,186.5,49],"area":9138.5,"segmentation":[],"iscrowd":0},{"id":343,"image_id":75,"category_id":3,"bbox":[48,243,487.5,76],"area":37050,"segmentation":[],"iscrowd":0},{"id":344,"image_id":75,"category_id":1,"bbox":[1004,194,161,67],"area":10787,"segmentation":[],"iscrowd":0},{"id":345,"image_id":75,"category_id":5,"bbox":[197,162,455,84],"area":38220,"segmentation":[],"iscrowd":0},{"id":346,"image_id":75,"category_id":4,"bbox":[28,511,803,64],"area":51392,"segmentation":[],"iscrowd":0},{"id":347,"image_id":75,"category_id":6,"bbox":[985,63,165.5,68],"area":11254,"segmentation":[],"iscrowd":0},{"id":348,"image_id":75,"category_id":2,"bbox":[714,76,245,56],"area":13720,"segmentation":[],"iscrowd":0},{"id":349,"image_id":76,"category_id":3,"bbox":[127,200,712.5,62.5],"area":44531.25,"segmentation":[],"iscrowd":0},{"id":350,"image_id":76,"category_id":1,"bbox":[943,253,185,57],"area":10545,"segmentation":[],"iscrowd":0},{"id":351,"image_id":76,"category_id":5,"bbox":[79,131,605.5,62.5],"area":37843.75,"segmentation":[],"iscrowd":0},{"id":352,"image_id":76,"category_id":4,"bbox":[310,569,637,60.5],"area":38538.5,"segmentation":[],"iscrowd":0},{"id":353,"image_id":76,"category_id":2,"bbox":[972,55,268.5,49.5],"area":13290.75,"segmentation":[],"iscrowd":0},{"id":354,"image_id":77,"category_id":3,"bbox":[221,189,495,85.5],"area":42322.5,"segmentation":[],"iscrowd":0},{"id":355,"image_id":77,"category_id":1,"bbox":[977,251,171.5,50],"area":8575,"segmentation":[],"iscrowd":0},{"id":356,"image_id":77,"category_id":5,"bbox":[392,119,521,82.5],"area":42982.5,"segmentation":[],"iscrowd":0},{"id":357,"image_id":77,"category_id":2,"bbox":[975,55,257,42],"area":10794,"segmentation":[],"iscrowd":0},{"id":358,"image_id":77,"category_id":4,"bbox":[304,569,639,51],"area":32589,"segmentation":[],"iscrowd":0},{"id":359,"image_id":78,"category_id":3,"bbox":[257,185,311.5,57.5],"area":17911.25,"segmentation":[],"iscrowd":0},{"id":360,"image_id":78,"category_id":1,"bbox":[1007,240,145.5,53],"area":7711.5,"segmentation":[],"iscrowd":0},{"id":361,"image_id":79,"category_id":3,"bbox":[200,183,525,67],"area":35175,"segmentation":[],"iscrowd":0},{"id":362,"image_id":79,"category_id":1,"bbox":[970,237,157,46],"area":7222,"segmentation":[],"iscrowd":0},{"id":363,"image_id":80,"category_id":3,"bbox":[284,234,491.5,58],"area":28507,"segmentation":[],"iscrowd":0},{"id":364,"image_id":80,"category_id":1,"bbox":[1156,233,72.5,51.5],"area":3733.75,"segmentation":[],"iscrowd":0},{"id":365,"image_id":80,"category_id":4,"bbox":[189,562,685,59.5],"area":40757.5,"segmentation":[],"iscrowd":0},{"id":366,"image_id":80,"category_id":2,"bbox":[954,153,161,49],"area":7889,"segmentation":[],"iscrowd":0},{"id":367,"image_id":80,"category_id":6,"bbox":[1081,64,142,37.5],"area":5325,"segmentation":[],"iscrowd":0},{"id":368,"image_id":80,"category_id":5,"bbox":[154,402,139,42.5],"area":5907.5,"segmentation":[],"iscrowd":0},{"id":369,"image_id":81,"category_id":3,"bbox":[156,237,538,64],"area":34432,"segmentation":[],"iscrowd":0},{"id":370,"image_id":81,"category_id":1,"bbox":[1008,235,122,58.5],"area":7137,"segmentation":[],"iscrowd":0},{"id":371,"image_id":81,"category_id":5,"bbox":[112,192,663,48],"area":31824,"segmentation":[],"iscrowd":0},{"id":372,"image_id":81,"category_id":6,"bbox":[1005,31,141,42.5],"area":5992.5,"segmentation":[],"iscrowd":0},{"id":373,"image_id":81,"category_id":4,"bbox":[53,547,968.5,56],"area":54236,"segmentation":[],"iscrowd":0},{"id":374,"image_id":81,"category_id":2,"bbox":[939,94,266.5,61],"area":16256.5,"segmentation":[],"iscrowd":0},{"id":375,"image_id":82,"category_id":3,"bbox":[211,179,894.5,51],"area":45619.5,"segmentation":[],"iscrowd":0},{"id":376,"image_id":82,"category_id":1,"bbox":[982,241,135,44],"area":5940,"segmentation":[],"iscrowd":0},{"id":377,"image_id":82,"category_id":5,"bbox":[306,125,545.5,63.5],"area":34639.25,"segmentation":[],"iscrowd":0},{"id":378,"image_id":82,"category_id":4,"bbox":[282,533,680,64.5],"area":43860,"segmentation":[],"iscrowd":0},{"id":379,"image_id":82,"category_id":2,"bbox":[982,49,263,43],"area":11309,"segmentation":[],"iscrowd":0},{"id":380,"image_id":83,"category_id":3,"bbox":[247,185,426.5,60.5],"area":25803.25,"segmentation":[],"iscrowd":0},{"id":381,"image_id":83,"category_id":1,"bbox":[959,236,205.5,67],"area":13768.5,"segmentation":[],"iscrowd":0},{"id":382,"image_id":83,"category_id":5,"bbox":[329,129,471.5,58.5],"area":27582.75,"segmentation":[],"iscrowd":0},{"id":383,"image_id":83,"category_id":4,"bbox":[289,552,669.5,60.5],"area":40504.75,"segmentation":[],"iscrowd":0},{"id":384,"image_id":83,"category_id":2,"bbox":[978,46,258,44],"area":11352,"segmentation":[],"iscrowd":0},{"id":385,"image_id":84,"category_id":3,"bbox":[204,187,436,88.5],"area":38586,"segmentation":[],"iscrowd":0},{"id":386,"image_id":84,"category_id":1,"bbox":[971,257,133.5,52],"area":6942,"segmentation":[],"iscrowd":0},{"id":387,"image_id":84,"category_id":5,"bbox":[200,130,685,74],"area":50690,"segmentation":[],"iscrowd":0},{"id":388,"image_id":84,"category_id":2,"bbox":[980,64,256,49],"area":12544,"segmentation":[],"iscrowd":0},{"id":389,"image_id":84,"category_id":4,"bbox":[308,566,663,61.5],"area":40774.5,"segmentation":[],"iscrowd":0},{"id":390,"image_id":85,"category_id":3,"bbox":[522,291,398,64.5],"area":25671,"segmentation":[],"iscrowd":0},{"id":391,"image_id":85,"category_id":1,"bbox":[1012,314,156,62.5],"area":9750,"segmentation":[],"iscrowd":0},{"id":392,"image_id":85,"category_id":6,"bbox":[905,54,243,72.5],"area":17617.5,"segmentation":[],"iscrowd":0},{"id":393,"image_id":85,"category_id":4,"bbox":[196,559,1050.5,70.5],"area":74060.25,"segmentation":[],"iscrowd":0},{"id":394,"image_id":85,"category_id":5,"bbox":[160,368,312.5,48],"area":15000,"segmentation":[],"iscrowd":0},{"id":395,"image_id":85,"category_id":2,"bbox":[1027,139,187.5,50],"area":9375,"segmentation":[],"iscrowd":0},{"id":396,"image_id":86,"category_id":3,"bbox":[194,188,868.5,60.5],"area":52544.25,"segmentation":[],"iscrowd":0},{"id":397,"image_id":86,"category_id":1,"bbox":[970,253,150.5,40.5],"area":6095.25,"segmentation":[],"iscrowd":0},{"id":398,"image_id":86,"category_id":5,"bbox":[192,119,654.5,66],"area":43197,"segmentation":[],"iscrowd":0},{"id":399,"image_id":86,"category_id":4,"bbox":[312,549,634.5,57.5],"area":36483.75,"segmentation":[],"iscrowd":0},{"id":400,"image_id":86,"category_id":2,"bbox":[980,49,261,39.5],"area":10309.5,"segmentation":[],"iscrowd":0},{"id":401,"image_id":87,"category_id":3,"bbox":[162,200,504,64.5],"area":32508,"segmentation":[],"iscrowd":0},{"id":402,"image_id":87,"category_id":1,"bbox":[954,241,150.5,60.5],"area":9105.25,"segmentation":[],"iscrowd":0},{"id":403,"image_id":87,"category_id":5,"bbox":[130,127,528.5,66.5],"area":35145.25,"segmentation":[],"iscrowd":0},{"id":404,"image_id":87,"category_id":2,"bbox":[978,60,260,40],"area":10400,"segmentation":[],"iscrowd":0},{"id":405,"image_id":87,"category_id":4,"bbox":[311,557,645.5,53],"area":34211.5,"segmentation":[],"iscrowd":0},{"id":406,"image_id":88,"category_id":3,"bbox":[723,369,419,29],"area":12151,"segmentation":[],"iscrowd":0},{"id":407,"image_id":88,"category_id":1,"bbox":[1051,285,188.5,83.5],"area":15739.75,"segmentation":[],"iscrowd":0},{"id":408,"image_id":88,"category_id":4,"bbox":[220,591,781.5,48.5],"area":37902.75,"segmentation":[],"iscrowd":0},{"id":409,"image_id":88,"category_id":6,"bbox":[1018,102,204,66.5],"area":13566,"segmentation":[],"iscrowd":0},{"id":410,"image_id":88,"category_id":2,"bbox":[639,368,86.5,36.5],"area":3157.25,"segmentation":[],"iscrowd":0},{"id":411,"image_id":89,"category_id":3,"bbox":[119,190,532.5,72.5],"area":38606.25,"segmentation":[],"iscrowd":0},{"id":412,"image_id":89,"category_id":1,"bbox":[951,248,185.5,59.5],"area":11037.25,"segmentation":[],"iscrowd":0},{"id":413,"image_id":89,"category_id":2,"bbox":[975,68,268.5,41],"area":11008.5,"segmentation":[],"iscrowd":0},{"id":414,"image_id":89,"category_id":4,"bbox":[308,559,637,57.5],"area":36627.5,"segmentation":[],"iscrowd":0},{"id":415,"image_id":89,"category_id":5,"bbox":[163,122,508.5,78],"area":39663,"segmentation":[],"iscrowd":0},{"id":416,"image_id":90,"category_id":3,"bbox":[81,270,878,74],"area":64972,"segmentation":[],"iscrowd":0},{"id":417,"image_id":90,"category_id":1,"bbox":[1007,214,194.5,74],"area":14393,"segmentation":[],"iscrowd":0},{"id":418,"image_id":90,"category_id":5,"bbox":[218,183,398,85],"area":33830,"segmentation":[],"iscrowd":0},{"id":419,"image_id":90,"category_id":4,"bbox":[62,535,749.5,54.5],"area":40847.75,"segmentation":[],"iscrowd":0},{"id":420,"image_id":90,"category_id":6,"bbox":[1109,35,118,49.5],"area":5841,"segmentation":[],"iscrowd":0},{"id":421,"image_id":90,"category_id":2,"bbox":[819,95,199,100],"area":19900,"segmentation":[],"iscrowd":0},{"id":422,"image_id":91,"category_id":3,"bbox":[182,192,740,64.5],"area":47730,"segmentation":[],"iscrowd":0},{"id":423,"image_id":91,"category_id":1,"bbox":[946,243,186.5,61.5],"area":11469.75,"segmentation":[],"iscrowd":0},{"id":424,"image_id":91,"category_id":5,"bbox":[176,127,493.5,55.5],"area":27389.25,"segmentation":[],"iscrowd":0},{"id":425,"image_id":91,"category_id":2,"bbox":[974,49,256,37.5],"area":9600,"segmentation":[],"iscrowd":0},{"id":426,"image_id":91,"category_id":4,"bbox":[315,564,640,49],"area":31360,"segmentation":[],"iscrowd":0},{"id":427,"image_id":92,"category_id":3,"bbox":[291,192,411.5,71.5],"area":29422.25,"segmentation":[],"iscrowd":0},{"id":428,"image_id":92,"category_id":1,"bbox":[951,242,209.5,61.5],"area":12884.25,"segmentation":[],"iscrowd":0},{"id":429,"image_id":92,"category_id":5,"bbox":[109,117,618,81],"area":50058,"segmentation":[],"iscrowd":0},{"id":430,"image_id":92,"category_id":4,"bbox":[301,557,649.5,59.5],"area":38645.25,"segmentation":[],"iscrowd":0},{"id":431,"image_id":92,"category_id":2,"bbox":[974,61,264,39],"area":10296,"segmentation":[],"iscrowd":0},{"id":432,"image_id":93,"category_id":3,"bbox":[266,181,775,58],"area":44950,"segmentation":[],"iscrowd":0},{"id":433,"image_id":93,"category_id":1,"bbox":[996,243,198,49],"area":9702,"segmentation":[],"iscrowd":0},{"id":434,"image_id":94,"category_id":3,"bbox":[117,326,407.5,42.5],"area":17318.75,"segmentation":[],"iscrowd":0},{"id":435,"image_id":94,"category_id":1,"bbox":[1055,227,133.5,44.5],"area":5940.75,"segmentation":[],"iscrowd":0},{"id":436,"image_id":94,"category_id":5,"bbox":[209,227,240,66.5],"area":15960,"segmentation":[],"iscrowd":0},{"id":437,"image_id":94,"category_id":6,"bbox":[1093,86,126.5,56],"area":7084,"segmentation":[],"iscrowd":0},{"id":438,"image_id":94,"category_id":4,"bbox":[236,531,631.5,54],"area":34101,"segmentation":[],"iscrowd":0},{"id":439,"image_id":94,"category_id":2,"bbox":[887,141,140,58.5],"area":8190,"segmentation":[],"iscrowd":0},{"id":440,"image_id":95,"category_id":3,"bbox":[117,185,458,65.5],"area":29999,"segmentation":[],"iscrowd":0},{"id":441,"image_id":95,"category_id":1,"bbox":[947,240,278,55.5],"area":15429,"segmentation":[],"iscrowd":0},{"id":442,"image_id":95,"category_id":5,"bbox":[226,117,529.5,68.5],"area":36270.75,"segmentation":[],"iscrowd":0},{"id":443,"image_id":95,"category_id":2,"bbox":[971,51,259,45],"area":11655,"segmentation":[],"iscrowd":0},{"id":444,"image_id":95,"category_id":4,"bbox":[308,543,632.5,67.5],"area":42693.75,"segmentation":[],"iscrowd":0},{"id":445,"image_id":96,"category_id":3,"bbox":[125,251,465.5,61],"area":28395.5,"segmentation":[],"iscrowd":0},{"id":446,"image_id":96,"category_id":1,"bbox":[943,218,302,89],"area":26878,"segmentation":[],"iscrowd":0},{"id":447,"image_id":96,"category_id":5,"bbox":[115,183,360,68],"area":24480,"segmentation":[],"iscrowd":0},{"id":448,"image_id":96,"category_id":2,"bbox":[901,85,372.5,89],"area":33152.5,"segmentation":[],"iscrowd":0},{"id":449,"image_id":96,"category_id":6,"bbox":[1024,18,150.5,50],"area":7525,"segmentation":[],"iscrowd":0},{"id":450,"image_id":96,"category_id":4,"bbox":[187,527,797,74],"area":58978,"segmentation":[],"iscrowd":0},{"id":451,"image_id":97,"category_id":3,"bbox":[152,178,518,68],"area":35224,"segmentation":[],"iscrowd":0},{"id":452,"image_id":97,"category_id":1,"bbox":[946,240,210.5,60.5],"area":12735.25,"segmentation":[],"iscrowd":0},{"id":453,"image_id":97,"category_id":5,"bbox":[264,117,589.5,64.5],"area":38022.75,"segmentation":[],"iscrowd":0},{"id":454,"image_id":97,"category_id":4,"bbox":[303,564,652.5,53],"area":34582.5,"segmentation":[],"iscrowd":0},{"id":455,"image_id":97,"category_id":2,"bbox":[975,47,279,47],"area":13113,"segmentation":[],"iscrowd":0},{"id":456,"image_id":98,"category_id":3,"bbox":[197,190,321,67.5],"area":21667.5,"segmentation":[],"iscrowd":0},{"id":457,"image_id":98,"category_id":1,"bbox":[974,241,189.5,60.5],"area":11464.75,"segmentation":[],"iscrowd":0},{"id":458,"image_id":99,"category_id":3,"bbox":[330,188,672.5,54.5],"area":36651.25,"segmentation":[],"iscrowd":0},{"id":459,"image_id":99,"category_id":1,"bbox":[953,243,148.5,41],"area":6088.5,"segmentation":[],"iscrowd":0},{"id":460,"image_id":99,"category_id":5,"bbox":[387,129,473.5,50],"area":23675,"segmentation":[],"iscrowd":0},{"id":461,"image_id":99,"category_id":2,"bbox":[987,49,258,39],"area":10062,"segmentation":[],"iscrowd":0},{"id":462,"image_id":99,"category_id":4,"bbox":[295,540,669.5,67.5],"area":45191.25,"segmentation":[],"iscrowd":0},{"id":463,"image_id":100,"category_id":3,"bbox":[140,202,673.5,74],"area":49839,"segmentation":[],"iscrowd":0},{"id":464,"image_id":100,"category_id":3,"bbox":[122,303,524,75.5],"area":39562,"segmentation":[],"iscrowd":0},{"id":465,"image_id":100,"category_id":1,"bbox":[988,253,194.5,65.5],"area":12739.75,"segmentation":[],"iscrowd":0},{"id":466,"image_id":100,"category_id":5,"bbox":[92,89,589.5,95.5],"area":56297.25,"segmentation":[],"iscrowd":0},{"id":467,"image_id":100,"category_id":2,"bbox":[936,20,319,74],"area":23606,"segmentation":[],"iscrowd":0},{"id":468,"image_id":100,"category_id":3,"bbox":[192,542,801,84],"area":67284,"segmentation":[],"iscrowd":0},{"id":469,"image_id":101,"category_id":3,"bbox":[124,182,558,77],"area":42966,"segmentation":[],"iscrowd":0},{"id":470,"image_id":101,"category_id":1,"bbox":[952,242,161,72.5],"area":11672.5,"segmentation":[],"iscrowd":0},{"id":471,"image_id":101,"category_id":5,"bbox":[282,142,591.5,68.5],"area":40517.75,"segmentation":[],"iscrowd":0},{"id":472,"image_id":101,"category_id":2,"bbox":[977,64,257,37],"area":9509,"segmentation":[],"iscrowd":0},{"id":473,"image_id":101,"category_id":4,"bbox":[317,558,635,55.5],"area":35242.5,"segmentation":[],"iscrowd":0},{"id":474,"image_id":102,"category_id":3,"bbox":[172,183,538,63.5],"area":34163,"segmentation":[],"iscrowd":0},{"id":475,"image_id":102,"category_id":1,"bbox":[951,242,219,66.5],"area":14563.5,"segmentation":[],"iscrowd":0},{"id":476,"image_id":102,"category_id":5,"bbox":[145,117,357,64.5],"area":23026.5,"segmentation":[],"iscrowd":0},{"id":477,"image_id":102,"category_id":4,"bbox":[309,541,652.5,69.5],"area":45348.75,"segmentation":[],"iscrowd":0},{"id":478,"image_id":102,"category_id":2,"bbox":[981,52,260,37],"area":9620,"segmentation":[],"iscrowd":0},{"id":479,"image_id":103,"category_id":3,"bbox":[79,240,606.5,45.5],"area":27595.75,"segmentation":[],"iscrowd":0},{"id":480,"image_id":103,"category_id":1,"bbox":[829,277,91.5,26.5],"area":2424.75,"segmentation":[],"iscrowd":0},{"id":481,"image_id":103,"category_id":2,"bbox":[486,80,133.5,39.5],"area":5273.25,"segmentation":[],"iscrowd":0},{"id":482,"image_id":103,"category_id":5,"bbox":[99,357,366.5,77],"area":28220.5,"segmentation":[],"iscrowd":0},{"id":483,"image_id":103,"category_id":4,"bbox":[270,546,725,52],"area":37700,"segmentation":[],"iscrowd":0},{"id":484,"image_id":104,"category_id":3,"bbox":[634,271,378,55.5],"area":20979,"segmentation":[],"iscrowd":0},{"id":485,"image_id":104,"category_id":1,"bbox":[1041,186,103,55.5],"area":5716.5,"segmentation":[],"iscrowd":0},{"id":486,"image_id":104,"category_id":5,"bbox":[170,196,229.5,58],"area":13311,"segmentation":[],"iscrowd":0},{"id":487,"image_id":104,"category_id":2,"bbox":[908,125,180,56.5],"area":10170,"segmentation":[],"iscrowd":0},{"id":488,"image_id":104,"category_id":6,"bbox":[919,64,218,54.5],"area":11881,"segmentation":[],"iscrowd":0},{"id":489,"image_id":104,"category_id":4,"bbox":[283,537,678,45],"area":30510,"segmentation":[],"iscrowd":0},{"id":490,"image_id":105,"category_id":3,"bbox":[118,183,473.5,55],"area":26042.5,"segmentation":[],"iscrowd":0},{"id":491,"image_id":105,"category_id":1,"bbox":[964,238,197,55],"area":10835,"segmentation":[],"iscrowd":0},{"id":492,"image_id":105,"category_id":2,"bbox":[981,43,258,43.5],"area":11223,"segmentation":[],"iscrowd":0},{"id":493,"image_id":105,"category_id":5,"bbox":[216,119,589.5,56],"area":33012,"segmentation":[],"iscrowd":0},{"id":494,"image_id":105,"category_id":4,"bbox":[314,554,630.5,56],"area":35308,"segmentation":[],"iscrowd":0},{"id":495,"image_id":106,"category_id":3,"bbox":[141,260,609.5,106],"area":64607,"segmentation":[],"iscrowd":0},{"id":496,"image_id":106,"category_id":1,"bbox":[925,261,178,81],"area":14418,"segmentation":[],"iscrowd":0},{"id":497,"image_id":106,"category_id":5,"bbox":[120,169,506.5,105],"area":53182.5,"segmentation":[],"iscrowd":0},{"id":498,"image_id":106,"category_id":2,"bbox":[958,171,258,50.5],"area":13029,"segmentation":[],"iscrowd":0},{"id":499,"image_id":106,"category_id":6,"bbox":[914,38,198,49.5],"area":9801,"segmentation":[],"iscrowd":0},{"id":500,"image_id":106,"category_id":4,"bbox":[171,532,890.5,64],"area":56992,"segmentation":[],"iscrowd":0},{"id":501,"image_id":107,"category_id":3,"bbox":[81,296,217.5,51.5],"area":11201.25,"segmentation":[],"iscrowd":0},{"id":502,"image_id":107,"category_id":1,"bbox":[987,228,75.5,49],"area":3699.5,"segmentation":[],"iscrowd":0},{"id":503,"image_id":107,"category_id":5,"bbox":[157,172,265,81],"area":21465,"segmentation":[],"iscrowd":0},{"id":504,"image_id":107,"category_id":4,"bbox":[237,561,648.5,53.5],"area":34694.75,"segmentation":[],"iscrowd":0},{"id":505,"image_id":107,"category_id":2,"bbox":[993,125,136,46],"area":6256,"segmentation":[],"iscrowd":0},{"id":506,"image_id":107,"category_id":6,"bbox":[653,135,81,41],"area":3321,"segmentation":[],"iscrowd":0},{"id":507,"image_id":108,"category_id":3,"bbox":[243,185,539,70],"area":37730,"segmentation":[],"iscrowd":0},{"id":508,"image_id":108,"category_id":1,"bbox":[949,241,190.5,66],"area":12573,"segmentation":[],"iscrowd":0},{"id":509,"image_id":108,"category_id":5,"bbox":[258,114,532.5,76],"area":40470,"segmentation":[],"iscrowd":0},{"id":510,"image_id":108,"category_id":4,"bbox":[305,566,667.5,53],"area":35377.5,"segmentation":[],"iscrowd":0},{"id":511,"image_id":108,"category_id":2,"bbox":[974,59,266.5,42],"area":11193,"segmentation":[],"iscrowd":0},{"id":512,"image_id":109,"category_id":3,"bbox":[161,195,633.5,73],"area":46245.5,"segmentation":[],"iscrowd":0},{"id":513,"image_id":109,"category_id":1,"bbox":[980,251,149.5,62.5],"area":9343.75,"segmentation":[],"iscrowd":0},{"id":514,"image_id":109,"category_id":5,"bbox":[262,140,247.5,50],"area":12375,"segmentation":[],"iscrowd":0},{"id":515,"image_id":109,"category_id":2,"bbox":[976,51,258,39.5],"area":10191,"segmentation":[],"iscrowd":0},{"id":516,"image_id":109,"category_id":4,"bbox":[305,559,640,52],"area":33280,"segmentation":[],"iscrowd":0},{"id":517,"image_id":110,"category_id":3,"bbox":[29,284,332.5,37],"area":12302.5,"segmentation":[],"iscrowd":0},{"id":518,"image_id":110,"category_id":1,"bbox":[1034,234,80,43],"area":3440,"segmentation":[],"iscrowd":0},{"id":519,"image_id":110,"category_id":5,"bbox":[176,233,112.5,40],"area":4500,"segmentation":[],"iscrowd":0},{"id":520,"image_id":110,"category_id":6,"bbox":[1099,54,103,48],"area":4944,"segmentation":[],"iscrowd":0},{"id":521,"image_id":110,"category_id":2,"bbox":[1033,150,142,44],"area":6248,"segmentation":[],"iscrowd":0},{"id":522,"image_id":110,"category_id":4,"bbox":[39,532,851.5,70],"area":59605,"segmentation":[],"iscrowd":0},{"id":523,"image_id":111,"category_id":3,"bbox":[123,245,470,55.5],"area":26085,"segmentation":[],"iscrowd":0},{"id":524,"image_id":111,"category_id":1,"bbox":[1162,190,87,36.5],"area":3175.5,"segmentation":[],"iscrowd":0},{"id":525,"image_id":111,"category_id":2,"bbox":[702,192,113.5,36.5],"area":4142.75,"segmentation":[],"iscrowd":0},{"id":526,"image_id":111,"category_id":6,"bbox":[1071,40,144.5,42],"area":6069,"segmentation":[],"iscrowd":0},{"id":527,"image_id":111,"category_id":5,"bbox":[154,360,173.5,49.5],"area":8588.25,"segmentation":[],"iscrowd":0},{"id":528,"image_id":111,"category_id":4,"bbox":[168,539,763.5,68.5],"area":52299.75,"segmentation":[],"iscrowd":0},{"id":529,"image_id":112,"category_id":3,"bbox":[171,171,445.5,40.5],"area":18042.75,"segmentation":[],"iscrowd":0},{"id":530,"image_id":112,"category_id":1,"bbox":[1108,281,122,29.5],"area":3599,"segmentation":[],"iscrowd":0},{"id":531,"image_id":112,"category_id":5,"bbox":[176,242,195,54],"area":10530,"segmentation":[],"iscrowd":0},{"id":532,"image_id":112,"category_id":4,"bbox":[279,560,664,41.5],"area":27556,"segmentation":[],"iscrowd":0},{"id":533,"image_id":112,"category_id":6,"bbox":[1114,64,115,45],"area":5175,"segmentation":[],"iscrowd":0},{"id":534,"image_id":112,"category_id":2,"bbox":[856,284,159,37],"area":5883,"segmentation":[],"iscrowd":0},{"id":535,"image_id":113,"category_id":3,"bbox":[195,183,603,64.5],"area":38893.5,"segmentation":[],"iscrowd":0},{"id":536,"image_id":113,"category_id":1,"bbox":[1011,242,161,52],"area":8372,"segmentation":[],"iscrowd":0}]}